Source,Target,interaction_type,predicate,revision_id
Legobot,VIAFbot,edit,P107,37132483
VIAFbot,Dexbot,delete,P107,75825554
Legobot,VIAFbot,edit,P21,49560172
VIAFbot,SamoaBot,edit,P21,53067307
SamoaBot,Lildee1224,edit,P21,72706306
Lildee1224,Dɐ,edit,P21,99699039
Dɐ,PLbot,edit,P21,120577224
PLbot,Jklamo,edit,P21,164087476
Jklamo,189.133.212.97,edit,P21,224141190
189.133.212.97,Rippitippi,edit,P21,224141309
Rippitippi,189.238.87.174,edit,P21,224581773
189.238.87.174,בורה בורה,edit,P21,224804720
בורה בורה,Jura1,edit,P21,224822479
Jura1,187.214.65.233,edit,P21,225545887
187.214.65.233,Nikki,edit,P21,225545961
Nikki,63.141.204.129,edit,P21,282085331
63.141.204.129,Arpyia,edit,P21,282085446
Arpyia,Wylve,edit,P21,421959279
Wylve,208.94.131.73,edit,P21,679486358
208.94.131.73,Galobtter,edit,P21,679488906
Galobtter,169.139.8.212,edit,P21,682725604
169.139.8.212,Galobtter,edit,P21,682732140
Galobtter,ايمو کي ڀڄايو,edit,P21,2142020306
ايمو کي ڀڄايو,EpidòseosBot,edit,P21,2195334993
EpidòseosBot,DifoolBot,edit,P21,2258149702
BotMultichill,205.137.32.52,edit,P373,200934891
205.137.32.52,Jklamo,edit,P373,200946405
Jklamo,187.214.65.233,edit,P373,225546370
187.214.65.233,Nikki,edit,P373,225546420
Nikki,174.46.208.241,edit,P373,245680483
174.46.208.241,FallingGravity,edit,P373,245695964
FallingGravity,201.155.248.153,edit,P373,247649908
201.155.248.153,FallingGravity,edit,P373,247875100
FallingGravity,142.227.221.245,edit,P373,254134401
142.227.221.245,Jared Preston,edit,P373,254141897
Jared Preston,165.155.212.81,edit,P373,255374564
165.155.212.81,Nikki,edit,P373,255390337
Nikki,201.143.117.54,edit,P373,255647106
201.143.117.54,Jared Preston,edit,P373,255649364
Jared Preston,72.10.122.97,edit,P373,258771079
72.10.122.97,Nikki,edit,P373,258780834
Nikki,173.225.1.51,edit,P373,262785198
173.225.1.51,MusikAnimal,edit,P373,262786899
MusikAnimal,63.141.204.129,edit,P373,282084683
63.141.204.129,Arpyia,edit,P373,282085446
Arpyia,187.211.243.16,edit,P373,296384195
187.211.243.16,WTM,edit,P373,296405132
WTM,Lebrun Jemz,edit,P373,296977628
Lebrun Jemz,Jared Preston,edit,P373,296978502
Jared Preston,Tom2818,delete,P373,326722209
Haplology,201.110.195.142,edit,P373,329549376
201.110.195.142,Jared Preston,edit,P373,329555420
Jared Preston,Camulogene77,delete,P373,406775258
VIAFbot,SamoaBot,edit,P214,41945129
SamoaBot,VIAFbot,edit,P214,45133770
VIAFbot,165.155.212.81,edit,P214,255374657
165.155.212.81,Nikki,edit,P214,255390337
Nikki,Jura1,edit,P214,403952438
Jura1,Triggerhippie4,edit,P214,403955675
Triggerhippie4,Jura1,edit,P214,404338102
Jura1,Komischn,edit,P214,407359205
Komischn,Jura1,edit,P214,407366928
Jura1,Triggerhippie4,edit,P214,434402878
Triggerhippie4,Jura1,edit,P214,434424226
Jura1,KrBot,edit,P214,558306525
VIAFbot,Tom2818,delete,P213,326722220
Haplology,MsynBot,edit,P213,940674031
MsynBot,KrBot,edit,P213,2037988984
ViscoBot,187.189.248.69,edit,P27,225526558
187.189.248.69,Jura1,edit,P27,225530768
Jura1,187.214.65.233,edit,P27,225545364
187.214.65.233,Nikki,edit,P27,225545673
Nikki,187.173.138.158,edit,P27,244403764
187.173.138.158,FallingGravity,edit,P27,244428215
FallingGravity,173.225.1.51,edit,P27,262785870
173.225.1.51,MusikAnimal,edit,P27,262786899
MusikAnimal,63.141.204.129,edit,P27,282084667
63.141.204.129,Arpyia,edit,P27,282085446
Arpyia,64.140.244.2,edit,P27,291046666
64.140.244.2,FallingGravity,edit,P27,291062843
FallingGravity,206.71.232.66,edit,P27,296977378
206.71.232.66,Jared Preston,edit,P27,296978822
Jared Preston,ChristianKl,edit,P27,385589760
ChristianKl,Proud User,edit,P27,390203728
Proud User,181.28.29.3,edit,P27,482957109
181.28.29.3,Emir of Wikipedia,edit,P27,482970685
ViscoBot,MarrickLip,edit,P19,59235395
MarrickLip,LBE,edit,P19,66343266
LBE,Lildee1224,edit,P19,72706499
Lildee1224,Jklamo,edit,P19,164087555
Jklamo,148.231.152.47,edit,P19,222809335
148.231.152.47,Jura1,edit,P19,222903330
Jura1,187.189.248.69,edit,P19,225525632
187.189.248.69,Jura1,edit,P19,225530768
Jura1,187.214.65.233,edit,P19,225545576
187.214.65.233,Nikki,edit,P19,225545673
Nikki,187.173.138.158,edit,P19,244404202
187.173.138.158,FallingGravity,edit,P19,244428215
FallingGravity,63.141.204.129,edit,P19,282084820
63.141.204.129,Arpyia,edit,P19,282085446
Arpyia,Random8907,edit,P19,293260751
Random8907,Lebrun Jemz,edit,P19,296977684
Lebrun Jemz,Jared Preston,edit,P19,296978502
Jared Preston,Triggerhippie4,edit,P19,314265338
Triggerhippie4,Jura1,edit,P19,315074879
Jura1,Danrok,edit,P19,343236762
Danrok,Proud User,edit,P19,390203855
Proud User,Triggerhippie4,edit,P19,403417523
Triggerhippie4,Jura1,edit,P19,403748896
Jura1,Triggerhippie4,edit,P19,403902648
Triggerhippie4,Jura1,edit,P19,403902926
Jura1,Triggerhippie4,edit,P19,403903336
Triggerhippie4,Jura1,edit,P19,403904378
Jura1,Ionutzmovie,edit,P19,404413706
Ionutzmovie,Triggerhippie4,edit,P19,404417111
Triggerhippie4,Ionutzmovie,edit,P19,404418396
Ionutzmovie,Sjoerddebruin,edit,P19,404418765
Sjoerddebruin,Telaneo,edit,P19,404654656
Telaneo,CC0,edit,P19,404655698
CC0,Triggerhippie4,edit,P19,404881022
Triggerhippie4,Wylve,edit,P19,421957060
Wylve,Arbnos,edit,P19,425995515
Arbnos,Jarekt,edit,P19,478070580
Jarekt,Pigsonthewing,edit,P19,482705739
Pigsonthewing,Mpetrenk,edit,P19,517980077
Mpetrenk,Ogoorcs,edit,P19,574911766
Ogoorcs,Andrei Stroe,edit,P19,584512691
Andrei Stroe,Runner1928,edit,P19,587991914
Runner1928,Arbnos,edit,P19,642365736
Arbnos,Infovarius,edit,P19,643457888
Infovarius,MaksOttoVonStirlitz,edit,P19,652634878
MaksOttoVonStirlitz,Thatguy1987,edit,P19,669388265
Thatguy1987,Nvrandow,edit,P19,760947474
Nvrandow,KrBot,edit,P19,1566553760
KrBot,12u,edit,P19,2015141283
12u,ايمو کي ڀڄايو,edit,P19,2142020511
ايمو کي ڀڄايو,Deinocheirus,edit,P19,2150511776
Deinocheirus,JnpoJuwan,edit,P19,2300457594
JnpoJuwan,Miikul,edit,P19,2301585217
Miikul,Legonin,edit,P19,2315795315
Legonin,Kolja21,edit,P19,2319123260
VIAFbot,SamoaBot,edit,P244,41945140
SamoaBot,63.141.204.129,edit,P244,282084705
63.141.204.129,Arpyia,edit,P244,282085446
Arpyia,LccnBot,edit,P244,2106885419
KLBot2,MarrickLip,edit,P18,59237236
MarrickLip,Akkakk,edit,P18,62040874
Akkakk,190.148.78.44,delete,P18,219575626
Jura1,187.214.65.233,edit,P18,225547141
187.214.65.233,Nikki,edit,P18,225547168
Nikki,187.214.65.233,edit,P18,225547181
187.214.65.233,Nikki,edit,P18,225547230
Nikki,Vlsergey-at-work,edit,P18,292168070
Vlsergey-at-work,Triggerhippie4,edit,P18,314270037
Triggerhippie4,Jura1,edit,P18,314302436
Jura1,Triggerhippie4,edit,P18,314306404
Triggerhippie4,Engelbert,edit,P18,320364707
Engelbert,Anjo-sozinho,edit,P18,404579367
Anjo-sozinho,Sjoerddebruin,edit,P18,405641573
Sjoerddebruin,חיים 7,edit,P18,406308669
חיים 7,Sjoerddebruin,edit,P18,407195388
Sjoerddebruin,Anjo-sozinho,edit,P18,432903342
Anjo-sozinho,Kjetil r,edit,P18,433546957
Kjetil r,Entbert,edit,P18,433554983
Entbert,Thibaut120094,edit,P18,434077298
Thibaut120094,JAn Dudík,edit,P18,435201956
JAn Dudík,Smaug the Golden,edit,P18,436047094
Smaug the Golden,Wylve,edit,P18,438569072
Wylve,Rodejong,edit,P18,446404417
Rodejong,Revent,delete,P18,493898538
Jean-Jacques Georges,Kovox90,edit,P18,543996520
Kovox90,Emir of Wikipedia,edit,P18,584132047
Emir of Wikipedia,Andrei Stroe,edit,P18,584512210
Andrei Stroe,Jean-Jacques Georges,edit,P18,587441034
Jean-Jacques Georges,CommonsDelinker,delete,P18,657971113
CommonsDelinker,Zenfiric,edit,P18,657974910
Zenfiric,Olivier LPB,edit,P18,686666310
Olivier LPB,Trade,edit,P18,770427362
Trade,Lieutcoluseng,edit,P18,1000393471
Lieutcoluseng,Nikki080,edit,P18,1034719119
Nikki080,Lieutcoluseng,edit,P18,1038855356
Lieutcoluseng,Roman Kubanskiy,edit,P18,1315828001
Roman Kubanskiy,AlexTref871,edit,P18,1323252914
AlexTref871,Roman Kubanskiy,edit,P18,1324761687
Roman Kubanskiy,Hsarrazin,edit,P18,1325378179
Hsarrazin,12u,edit,P18,1526129995
12u,KatiMedi,edit,P18,1670128423
KatiMedi,Premeditated,edit,P18,1670143211
Premeditated,Matlin,edit,P18,1726510618
Matlin,Abraham,edit,P18,1984787422
Abraham,Paucabot,edit,P18,2163451628
Paucabot,Ɋnym,edit,P18,2176386421
Ɋnym,Ooligan,edit,P18,2223925799
Ooligan,Gabldotink,edit,P18,2224664577
Gabldotink,Mohammed Qays,edit,P18,2239504298
Mohammed Qays,Captain Ben Richards,edit,P18,2276142680
Captain Ben Richards,Kub347,edit,P18,2298762195
Kub347,Γρηγόρης9,edit,P18,2299329328
Γρηγόρης9,GodNey,edit,P18,2299361077
GodNey,TDKR Chicago 101,edit,P18,2299534544
TDKR Chicago 101,Gadir,edit,P18,2300345198
Gadir,Γρηγόρης9,edit,P18,2300359110
Γρηγόρης9,MR-Amstrong,edit,P18,2300451985
MR-Amstrong,JnpoJuwan,edit,P18,2300457041
JnpoJuwan,Γρηγόρης9,edit,P18,2300650185
Γρηγόρης9,ToxicPea,edit,P18,2315106753
ToxicPea,Γρηγόρης9,edit,P18,2318239242
Γρηγόρης9,Valepert,edit,P18,2318886006
Valepert,235 inikos,edit,P18,2319003864
235 inikos,Kolja21,edit,P18,2319123051
Kolja21,Steinninn,edit,P18,2332653728
Steinninn,Mobby 12,edit,P18,2332754386
Mobby 12,Chell Hill,edit,P18,2333825459
Chell Hill,Captain Ben Richards,edit,P18,2334842540
Captain Ben Richards,Deva1995,edit,P18,2341949702
Deva1995,JnpoJuwan,edit,P18,2344063337
KLBot2,MarrickLip,edit,P109,59237408
MarrickLip,Akkakk,edit,P109,62040895
Akkakk,187.214.65.233,delete,P109,225546986
Nikki,ZUFAr,edit,P109,404670657
ZUFAr,Triggerhippie4,edit,P109,434382538
Triggerhippie4,ToniSant,edit,P109,1351940667
ToniSant,Ooligan,edit,P109,1950136140
Ooligan,JnpoJuwan,edit,P109,2300457300
VIAFbot,Triggerhippie4,edit,P268,314274415
Danrok,187.214.65.233,edit,P551,225545437
187.214.65.233,Nikki,edit,P551,225545673
Nikki,63.141.204.129,edit,P551,282084786
63.141.204.129,Arpyia,edit,P551,282085446
Arpyia,El Ayudante,edit,P551,301543316
El Ayudante,Kimdime,delete,P551,310349315
Triggerhippie4,Mushroom,edit,P551,407982897
Mushroom,Wylve,edit,P551,433575622
Wylve,Arbnos,edit,P551,438013043
Arbnos,Amadalvarez,edit,P551,530488042
Amadalvarez,Runner1928,edit,P551,587995635
Runner1928,Aprenn,edit,P551,1344884463
Aprenn,Shalstvedt,edit,P551,1350323647
Shalstvedt,Infovarius,edit,P551,1359288576
Infovarius,DutchOff,edit,P551,1738061048
DutchOff,Effeietsanders,edit,P551,1960698114
Effeietsanders,أبو علاء العلوي,edit,P551,2300309898
أبو علاء العلوي,JnpoJuwan,edit,P551,2344064528
MarrickLip,187.173.138.158,edit,P103,244404111
187.173.138.158,FallingGravity,edit,P103,244428215
FallingGravity,63.141.204.129,edit,P103,282084857
63.141.204.129,Arpyia,edit,P103,282085446
Arpyia,Random8907,edit,P103,293260355
Random8907,Koavf,edit,P103,434711378
Koavf,Lieutcoluseng,edit,P103,750646489
Lieutcoluseng,ElmarG,edit,P103,756647999
ElmarG,Lieutcoluseng,edit,P103,885433557
MarrickLip,SamoaBot,edit,P569,69924295
SamoaBot,65.213.200.130,edit,P569,72706061
65.213.200.130,Magnus Manske,edit,P569,80205001
Magnus Manske,SourcererBot,edit,P569,258290832
SourcererBot,63.141.204.129,edit,P569,282085306
63.141.204.129,Arpyia,edit,P569,282085446
Arpyia,Alan ffm,edit,P569,404440023
Alan ffm,Wylve,edit,P569,421957193
Wylve,83.58.143.235,edit,P569,483743090
83.58.143.235,Jared Preston,edit,P569,483743526
Jared Preston,Reinheitsgebot,edit,P569,580155452
Reinheitsgebot,Dexbot,edit,P569,1451825286
Dexbot,Edward,edit,P569,1543056582
Edward,Jordi escarre,edit,P569,1661504739
Jordi escarre,ツィプカ・ウエルド,edit,P569,2206853564
ツィプカ・ウエルド,Cranloa12n,edit,P569,2223014826
Cranloa12n,Jock64,edit,P569,2271044119
MarrickLip,Legobot,edit,P106,74236860
Legobot,GerardM,edit,P106,135776778
GerardM,Dexbot,edit,P106,136054273
Dexbot,Rezabot,edit,P106,169478080
Rezabot,Jura1,edit,P106,222912252
Jura1,189.133.212.97,edit,P106,224139607
189.133.212.97,Rippitippi,edit,P106,224141309
Rippitippi,187.214.65.233,edit,P106,225545615
187.214.65.233,Nikki,edit,P106,225545673
Nikki,187.214.65.233,edit,P106,225547976
187.214.65.233,Nikki,edit,P106,225548504
Nikki,Danrok,edit,P106,239621962
Danrok,189.245.90.77,edit,P106,247224372
189.245.90.77,Kacir,edit,P106,247255064
Kacir,67.209.226.9,edit,P106,254333718
67.209.226.9,FallingGravity,edit,P106,254404137
FallingGravity,Coyau,edit,P106,275675508
Coyau,63.141.204.129,edit,P106,282084883
63.141.204.129,Arpyia,edit,P106,282085446
Arpyia,Triggerhippie4,edit,P106,314533454
Triggerhippie4,Addshore,edit,P106,404463602
Addshore,Triggerhippie4,edit,P106,405018470
Triggerhippie4,Rezabot,edit,P106,406240967
Rezabot,Entbert,edit,P106,433558225
Entbert,Thibaut120094,edit,P106,434077690
Thibaut120094,Triggerhippie4,edit,P106,434371719
Triggerhippie4,Arbnos,edit,P106,436346264
Arbnos,Nikkimaria,edit,P106,476069116
Nikkimaria,QuickStatementsBot,edit,P106,499789417
QuickStatementsBot,Prcondo,edit,P106,514727917
Prcondo,Manu1400,edit,P106,585426360
Manu1400,Zaccarias,edit,P106,609637132
Zaccarias,Mike Peel,edit,P106,620251907
Mike Peel,Galobtter,edit,P106,627426318
Galobtter,Thierry Caro,edit,P106,652001017
Thierry Caro,Nicewels,edit,P106,654859521
Nicewels,Thatguy1987,edit,P106,669388913
Thatguy1987,Zenfiric,edit,P106,687270710
Zenfiric,Bogger,edit,P106,705402505
Bogger,Visite fortuitement prolongée,edit,P106,1026561893
Visite fortuitement prolongée,Andreasmperu,edit,P106,1044192418
Andreasmperu,Visite fortuitement prolongée,edit,P106,1074435327
Visite fortuitement prolongée,Trade,edit,P106,1074445992
Trade,Rommeliosva,edit,P106,1079677119
Rommeliosva,Visite fortuitement prolongée,edit,P106,1079952876
Visite fortuitement prolongée,Davidpar,edit,P106,1151538776
Davidpar,Infovarius,edit,P106,1228094392
Infovarius,Matthias Winkelmann,edit,P106,1278246486
Matthias Winkelmann,Infovarius,edit,P106,1278953127
Infovarius,Haansn08,edit,P106,1285601358
Haansn08,Infovarius,edit,P106,1286753142
Infovarius,Matthias Winkelmann,edit,P106,1286804306
Matthias Winkelmann,Elli,edit,P106,1343806323
Elli,Infovarius,edit,P106,1345270093
Infovarius,Michael-Moates,edit,P106,1419876258
Michael-Moates,Infovarius,edit,P106,1422155979
Infovarius,Reinheitsgebot,edit,P106,1542667136
Reinheitsgebot,Quesotiotyo,edit,P106,1543545128
Quesotiotyo,Nintendofan885,edit,P106,1657330337
Nintendofan885,Germartin1,edit,P106,1787426438
Germartin1,Frettiebot,edit,P106,1790131443
Frettiebot,Asav,edit,P106,1865465446
Asav,Frettiebot,edit,P106,1867172330
Frettiebot,Wow,edit,P106,1943314700
Wow,ايمو کي ڀڄايو,edit,P106,2142020351
ايمو کي ڀڄايو,AniaGrzybowska,edit,P106,2253504536
AniaGrzybowska,Elyaqim,edit,P106,2286722259
Elyaqim,Artaxerxes,edit,P106,2289571010
Artaxerxes,Totorvdr59,edit,P106,2321832375
MarrickLip,189.133.212.97,edit,P101,224139980
189.133.212.97,Rippitippi,edit,P101,224141309
Rippitippi,187.214.65.233,edit,P101,225545725
187.214.65.233,Nikki,edit,P101,225545792
Nikki,187.214.65.233,edit,P101,225548013
187.214.65.233,Nikki,edit,P101,225548504
Nikki,63.141.204.129,edit,P101,282085040
63.141.204.129,Arpyia,edit,P101,282085446
Arpyia,Triggerhippie4,edit,P101,405018904
Triggerhippie4,Danrok,edit,P101,434009917
Danrok,Triggerhippie4,edit,P101,434372484
Triggerhippie4,KrBot,edit,P101,705546800
KrBot,Nicewels,edit,P101,878492149
Nicewels,Andreasmperu,edit,P101,878846579
Andreasmperu,Arbnos,edit,P101,1105328866
Arbnos,Zenfiric,edit,P101,1224250882
Zenfiric,MiklyxoMaklai,edit,P101,1320153185
MiklyxoMaklai,Matthias Winkelmann,edit,P101,1320194994
Matthias Winkelmann,VojtěchDostálBot,edit,P101,1772780689
VojtěchDostálBot,Maksim L.,edit,P101,2312249914
Maksim L.,Frettiebot,edit,P101,2312274634
Frettiebot,Evs,edit,P101,2313456916
Evs,Infovarius,edit,P101,2345138971
MarrickLip,63.141.204.129,edit,P69,282085083
63.141.204.129,Arpyia,edit,P69,282085446
Arpyia,KRLS,edit,P69,283696160
KRLS,Triggerhippie4,edit,P69,314266585
Triggerhippie4,Jura1,edit,P69,314301660
Jura1,Banderas,edit,P69,404467202
Banderas,Arbnos,edit,P69,425998272
Arbnos,Jura1,edit,P69,426264979
Jura1,DGtal,edit,P69,434287290
DGtal,Triggerhippie4,edit,P69,434378915
Triggerhippie4,Chetankale1978,edit,P69,504466083
Chetankale1978,Dmitry Rozhkov,edit,P69,651739477
Dmitry Rozhkov,Quesotiotyo,edit,P69,1377741548
Quesotiotyo,IagoQnsi,edit,P69,1700542388
MarrickLip,63.141.204.129,edit,P512,282085138
63.141.204.129,Arpyia,edit,P512,282085446
Arpyia,Chaotic Good,edit,P512,310704247
Chaotic Good,Triggerhippie4,edit,P512,314267976
Triggerhippie4,Banderas,edit,P512,404471816
Banderas,Premeditated,edit,P512,1204643896
Premeditated,Lovasoa,edit,P512,1211056990
MarrickLip,63.141.204.129,edit,P140,282085164
63.141.204.129,Arpyia,edit,P140,282085446
Arpyia,Chaotic Good,edit,P140,310697354
Chaotic Good,Arbnos,edit,P140,425996449
Arbnos,בורה בורה,edit,P140,431175056
בורה בורה,Premeditated,edit,P140,1204643896
Premeditated,Janitoalevic,edit,P140,2191340416
Janitoalevic,DeltaBot,edit,P140,2205761656
MarrickLip,187.137.66.7,edit,P22,252546986
187.137.66.7,YMS,edit,P22,252559670
YMS,63.141.204.129,edit,P22,282085176
63.141.204.129,Arpyia,edit,P22,282085446
Arpyia,Wylve,edit,P22,421957693
MarrickLip,Jura1,edit,P26,166229127
Jura1,PreferentialBot,edit,P26,241498317
PreferentialBot,87.9.90.77,edit,P26,247318019
87.9.90.77,63.141.204.129,edit,P26,282085206
63.141.204.129,Arpyia,edit,P26,282085446
Arpyia,Jura1,edit,P26,314303005
Jura1,ChristianKl,edit,P26,385590231
ChristianKl,Chetankale1978,edit,P26,388278531
Chetankale1978,PreferentialBot,edit,P26,388284659
PreferentialBot,Proud User,edit,P26,390203534
Proud User,Jura1,edit,P26,403750042
Jura1,Danrok,edit,P26,434007257
Danrok,DannyS712,edit,P26,956496241
DannyS712,DemonDays64,edit,P26,1087875074
DemonDays64,Premeditated,edit,P26,1204643896
Premeditated,Joao4669,edit,P26,1304052235
Joao4669,Elli,edit,P26,1315860733
Elli,Aaron106,edit,P26,1845294430
Aaron106,Jock64,edit,P26,2271044320
Jock64,PantheraLeo1359531,edit,P26,2342059393
MarrickLip,63.141.204.129,edit,P40,282085232
63.141.204.129,Arpyia,edit,P40,282085446
Arpyia,Chetankale1978,edit,P40,309975738
Chetankale1978,Entbert,edit,P40,433558964
Entbert,167.0.7.215,edit,P40,481722986
167.0.7.215,Mutante,edit,P40,481774713
Mutante,PLbot,edit,P40,1081966062
PLbot,Coqui002,edit,P40,1312252612
Coqui002,AdamSeattle,edit,P40,1439086838
AdamSeattle,ايمو کي ڀڄايو,edit,P40,2142020325
Dexbot,KrBot,edit,P31,79426690
KrBot,Dexbot,edit,P31,91001853
Dexbot,189.133.212.97,edit,P31,224141000
189.133.212.97,Rippitippi,edit,P31,224141309
Rippitippi,187.214.65.233,edit,P31,225546639
187.214.65.233,Nikki,edit,P31,225546694
Nikki,ShonagonBot,edit,P31,258334600
ShonagonBot,63.141.204.129,edit,P31,282085253
63.141.204.129,Arpyia,edit,P31,282085446
Arpyia,Arctic.gnome,edit,P31,380826812
Arctic.gnome,Triggerhippie4,edit,P31,403417165
Triggerhippie4,Ogoorcs,edit,P31,436184801
Ogoorcs,Arbnos,edit,P31,436345996
Arbnos,Ogoorcs,edit,P31,443151003
Ogoorcs,ערן,edit,P31,443239573
ערן,178.255.104.153,edit,P31,483403982
178.255.104.153,Sjoerddebruin,edit,P31,483408920
Sjoerddebruin,PokestarFan,edit,P31,487567980
PokestarFan,213.119.48.69,edit,P31,678909498
213.119.48.69,Sjoerddebruin,edit,P31,678911074
Sjoerddebruin,Infovarius,edit,P31,697084836
Infovarius,Jklamo,edit,P31,714888777
Jklamo,Infovarius,edit,P31,716787448
Infovarius,Zzme123,edit,P31,742508596
Zzme123,KrBot,edit,P31,781400633
KrBot,Infovarius,edit,P31,787533812
Infovarius,Trivialist,edit,P31,812425091
Trivialist,Infovarius,edit,P31,813155884
Infovarius,Trade,edit,P31,820029602
Trade,Infovarius,edit,P31,960280929
Infovarius,Kenirwin,edit,P31,977760061
Kenirwin,DD063520,edit,P31,1062765504
DD063520,MisterSynergy,edit,P31,1062859915
MisterSynergy,Baji,edit,P31,1081596186
Baji,Infovarius,edit,P31,1082240501
Infovarius,Maxeto0910,edit,P31,1208652107
Maxeto0910,Valentina.Anitnelav,edit,P31,1209541379
Valentina.Anitnelav,Zenfiric,edit,P31,1224249822
Zenfiric,Infovarius,edit,P31,1226371866
Infovarius,Zenfiric,edit,P31,1226448687
Zenfiric,Infovarius,edit,P31,1228094297
Infovarius,NMaia,edit,P31,1329155421
NMaia,TiagoLubiana,edit,P31,1586777206
TiagoLubiana,Johnson524,edit,P31,1756896376
Johnson524,Roshkara,edit,P31,1756901169
Roshkara,Bigbossfarin,edit,P31,1889045799
Bigbossfarin,Emu,edit,P31,1890762614
Emu,ايمو کي ڀڄايو,edit,P31,2142020283
ايمو کي ڀڄايو,ツィプカ・ウエルド,edit,P31,2206853564
ツィプカ・ウエルド,DifoolBot,edit,P31,2258149702
Steenthbot,187.214.65.233,edit,P910,225545923
187.214.65.233,Nikki,edit,P910,225545961
GerardM,63.141.204.129,edit,P102,282085349
63.141.204.129,Arpyia,edit,P102,282085446
Arpyia,Conny,edit,P102,407997446
Conny,Wylve,edit,P102,421960001
Wylve,Galaktos,edit,P102,436792127
Galaktos,Tortoise0308,edit,P102,517819629
Tortoise0308,Grafst,edit,P102,1065380132
Grafst,Nikki080,edit,P102,1069322514
Nikki080,Matlin,edit,P102,1349367523
Matlin,Simba16,edit,P102,1719597504
Simba16,Johshh,edit,P102,2044803882
Johshh,AniaGrzybowska,edit,P102,2253504536
Vlsergey,Chetankale1978,edit,P856,271074068
Chetankale1978,63.141.204.129,edit,P856,282085392
63.141.204.129,Arpyia,edit,P856,282085446
Arpyia,Triggerhippie4,edit,P856,314269169
Triggerhippie4,Раммон,edit,P856,410578115
Раммон,Arbnos,edit,P856,425996311
Arbnos,Triggerhippie4,edit,P856,434386692
Triggerhippie4,Strakhov,edit,P856,435750264
Strakhov,Jura1,edit,P856,435770546
Jura1,Triggerhippie4,edit,P856,435777064
Triggerhippie4,Jura1,edit,P856,435778433
Jura1,Triggerhippie4,edit,P856,435779834
Triggerhippie4,Jura1,edit,P856,435780650
Jura1,Triggerhippie4,edit,P856,435782012
Triggerhippie4,Strakhov,edit,P856,435782416
Strakhov,Triggerhippie4,edit,P856,435782650
Triggerhippie4,Zenfiric,edit,P856,657976105
Zenfiric,Photoshoper97,edit,P856,1393161835
Photoshoper97,RocksGavin,edit,P856,1746202989
RocksGavin,Eurohunter,edit,P856,2092341338
Eurohunter,Սահակ,edit,P856,2272826518
Jura1,189.133.212.97,edit,P735,224141424
189.133.212.97,Rippitippi,edit,P735,224141818
Rippitippi,187.214.65.233,edit,P735,225545982
187.214.65.233,Nikki,edit,P735,225546081
Nikki,63.141.204.129,edit,P735,282085486
63.141.204.129,HakanIST,edit,P735,282089911
HakanIST,Hunty1935,edit,P735,291047369
Hunty1935,FallingGravity,edit,P735,291063044
FallingGravity,Triggerhippie4,edit,P735,314269488
Triggerhippie4,Entbert,edit,P735,433559508
Entbert,83.58.143.235,edit,P735,483742917
83.58.143.235,Jared Preston,edit,P735,483743526
Jared Preston,Tagishsimon,edit,P735,616869073
Tagishsimon,169.139.8.212,edit,P735,682726908
169.139.8.212,Galobtter,edit,P735,682732140
Galobtter,Lieutcoluseng,edit,P735,708679294
Lieutcoluseng,PLbot,edit,P735,1081965774
PLbot,Jock64,edit,P735,2271044026
Jock64,JnpoJuwan,edit,P735,2344063504
BotMultichill,Premeditated,edit,P1006,1204643896
Premeditated,DifoolBot,edit,P1006,2258149702
HCShannon,204.100.220.2,edit,P245,279760295
204.100.220.2,HakanIST,edit,P245,279767750
HakanIST,Jura1,edit,P245,403952606
Jura1,Arch2bot,edit,P245,2062052877
HCShannon,216.186.51.175,edit,P1741,294153360
216.186.51.175,Jared Preston,edit,P1741,294164519
Jura1,187.214.65.233,edit,P1801,225547226
187.214.65.233,Nikki,edit,P1801,225547230
Nikki,Jura1,edit,P1801,314302863
Jura1,Triggerhippie4,edit,P1839,403515972
Jura1,187.214.65.233,edit,P734,225546732
187.214.65.233,Nikki,edit,P734,225546813
Nikki,KrBot,edit,P734,276618503
KrBot,Entbert,edit,P734,433559496
Entbert,83.58.143.235,edit,P734,483742960
83.58.143.235,Jared Preston,edit,P734,483743526
Jared Preston,107.77.204.31,edit,P734,679630209
107.77.204.31,Zaccarias,edit,P734,680007697
Zaccarias,169.139.8.212,edit,P734,682727253
169.139.8.212,Galobtter,edit,P734,682732140
Galobtter,PLbot,edit,P734,1081965727
PLbot,Edward,edit,P734,1543056606
Jura1,189.133.212.97,edit,P1477,224141613
189.133.212.97,Rippitippi,edit,P1477,224141818
Rippitippi,187.189.248.69,edit,P1477,225526934
187.189.248.69,Jura1,edit,P1477,225530768
Jura1,187.214.65.233,edit,P1477,225546053
187.214.65.233,Nikki,edit,P1477,225546081
Nikki,Vlsergey-at-work,delete,P1477,292168701
Jura1,FShbib,edit,P1477,404543126
FShbib,Wylve,edit,P1477,421958814
Wylve,79.144.217.6,edit,P1477,483314655
79.144.217.6,169.139.8.212,edit,P1477,682726623
169.139.8.212,Galobtter,edit,P1477,682732140
Jura1,ShonagonBot,edit,P1412,258334604
ShonagonBot,Koavf,edit,P1412,434711225
Koavf,83.58.143.235,edit,P1412,483741802
83.58.143.235,Jared Preston,edit,P1412,483741885
Jared Preston,Lieutcoluseng,edit,P1412,750662685
Lieutcoluseng,ElmarG,edit,P1412,756648050
ElmarG,KrBot,edit,P1412,781400683
KrBot,Lieutcoluseng,edit,P1412,885433754
Lieutcoluseng,NMaia,edit,P1412,1329155421
NMaia,Vojtěch Dostál,edit,P1412,1651841373
Vojtěch Dostál,Sporti,edit,P1412,2074762179
Sporti,DifoolBot,edit,P1412,2258149702
Jura1,187.214.65.233,edit,P1559,225546112
187.214.65.233,Nikki,edit,P1559,225546162
Nikki,Vlsergey-at-work,edit,P1559,292168690
Vlsergey-at-work,Jura1,edit,P1559,403750326
Jura1,169.139.8.212,edit,P1559,682726458
169.139.8.212,Galobtter,edit,P1559,682732140
Galobtter,Nikki,edit,P1559,1820916502
Jura1,189.174.209.29,edit,P1258,224149209
189.174.209.29,Jklamo,edit,P1258,224149753
Jklamo,187.214.65.233,edit,P1258,225546158
187.214.65.233,Nikki,edit,P1258,225546162
Nikki,187.214.65.233,edit,P1258,225548157
187.214.65.233,Nikki,edit,P1258,225548504
Nikki,Sldst-bot,edit,P1258,1960890247
Sldst-bot,Solidest,edit,P1258,1960898281
Jura1,PLbot,edit,P553,237918748
PLbot,Arctic.gnome,edit,P553,312034929
Arctic.gnome,Runner1928,edit,P553,312041527
Runner1928,Triggerhippie4,edit,P553,314271275
Triggerhippie4,Jura1,edit,P553,314302436
Jura1,Triggerhippie4,edit,P553,314303448
Triggerhippie4,Jura1,edit,P553,314304062
Jura1,Triggerhippie4,edit,P553,314304219
Triggerhippie4,Jura1,edit,P553,314304283
Jura1,Triggerhippie4,edit,P553,315360507
Triggerhippie4,Nord68,edit,P553,336281300
Nord68,Srittau,edit,P553,339110401
Srittau,Triggerhippie4,edit,P553,403455811
Triggerhippie4,Gyrostat,edit,P553,403743204
Gyrostat,Jura1,edit,P553,403751067
Jura1,Komischn,edit,P553,407362711
Komischn,Sjoerddebruin,edit,P553,407363460
Sjoerddebruin,Conny,edit,P553,407999915
Conny,Maxlath,edit,P553,408744240
Maxlath,Thibaut120094,edit,P553,434078234
Thibaut120094,Ceosad,edit,P553,495248824
Ceosad,Pigsonthewing,delete,P553,572207276
Trivialist,Nintendofan885,edit,P553,1612688193
Nintendofan885,Wd-Ryan,edit,P553,1627749406
Wd-Ryan,Trivialist,edit,P553,1640241193
Trivialist,Hddty,delete,P553,1954089830
Jura1,187.214.65.233,edit,P1971,225547582
187.214.65.233,Nikki,edit,P1971,225548504
Nikki,Jared Preston,edit,P1971,416141763
Jared Preston,Entbert,edit,P1971,433559089
Entbert,PLbot,edit,P1971,1081965944
Jura1,Elli,edit,P552,1343807070
Jura1,Triggerhippie4,edit,P793,405069041
Triggerhippie4,Sergey kudryavtsev,edit,P793,435597862
Sergey kudryavtsev,Jura1,edit,P793,435783126
Jura1,PokestarFan,edit,P793,467552761
PokestarFan,C933103,edit,P793,589314648
C933103,Emimull,edit,P793,596889300
Emimull,Triggerhippie4,edit,P793,628976222
Triggerhippie4,Edelsmann,edit,P793,755815398
Edelsmann,Nvrandow,edit,P793,760948306
Nvrandow,BrokenSegue,edit,P793,1104538784
BrokenSegue,Eulenspiegel1,edit,P793,1111955303
Eulenspiegel1,TheDJ,edit,P793,1340935729
TheDJ,Léna,edit,P793,1340947604
Léna,Azertus,edit,P793,1478962887
Azertus,Trade,edit,P793,2203634248
Trade,أبو علاء العلوي,edit,P793,2292491698
أبو علاء العلوي,Legonin,edit,P793,2309225521
PLbot,Triggerhippie4,edit,P2002,376683003
Triggerhippie4,Entbert,edit,P2002,407452966
Entbert,Conny,edit,P2002,408000308
Conny,Edei,edit,P2002,428292595
Edei,JFG,edit,P2002,430162042
JFG,Entbert,edit,P2002,433559312
Entbert,Trivialist,edit,P2002,479065240
Trivialist,Reclus,edit,P2002,504745875
Reclus,Hddty,edit,P2002,588596357
Hddty,Maxlath,edit,P2002,681381536
Maxlath,IagoQnsi,edit,P2002,785082508
IagoQnsi,Gereon K.,edit,P2002,969164127
Gereon K.,PLbot,edit,P2002,1081965983
PLbot,Gereon K.,edit,P2002,1102552591
Gereon K.,Kim6134,edit,P2002,1128763904
Kim6134,SilentSpikeBot,edit,P2002,1141264836
SilentSpikeBot,Premeditated,edit,P2002,1204643896
Premeditated,Gereon K.,edit,P2002,1326528448
Gereon K.,Nintendofan885,edit,P2002,1337428180
Nintendofan885,Wd-Ryan,edit,P2002,1337440715
Wd-Ryan,Lucas Werkmeister,edit,P2002,1337453573
Lucas Werkmeister,Gereon K.,edit,P2002,1337645814
Gereon K.,IagoQnsi,edit,P2002,1337789224
IagoQnsi,Wd-Ryan,edit,P2002,1343769531
Wd-Ryan,Putnik,edit,P2002,1417237144
Putnik,DownTownRich,edit,P2002,1601905898
DownTownRich,Wd-Ryan,edit,P2002,1623039908
Wd-Ryan,Int21h,edit,P2002,1775312189
Int21h,BrokenSegue,edit,P2002,1775325858
BrokenSegue,Wd-Ryan,edit,P2002,1775953741
Wd-Ryan,AniaGrzybowska,edit,P2002,2253504536
AniaGrzybowska,DifoolBot,edit,P2002,2258149702
DifoolBot,Wd-Ryan,edit,P2002,2300443729
Wd-Ryan,Duckmather,edit,P2002,2302158566
PLbot,Reclus,edit,P2003,504746317
Reclus,IagoQnsi,edit,P2003,785139507
IagoQnsi,Premeditated,edit,P2003,1204643896
Premeditated,Kimsaka,edit,P2003,1264983455
Kimsaka,Wd-Ryan,edit,P2003,1337484244
Wd-Ryan,Woko Sapien,edit,P2003,1443115842
Woko Sapien,Gustavohdh,edit,P2003,2194981314
Gustavohdh,AniaGrzybowska,edit,P2003,2253504536
AniaGrzybowska,DifoolBot,edit,P2003,2258149702
DifoolBot,Duckmather,edit,P2003,2302158333
PLbot,113.197.12.194,delete,P2013,326722122
Haplology,Pigsonthewing,edit,P2013,499490739
Pigsonthewing,Reclus,edit,P2013,504746595
Reclus,IagoQnsi,edit,P2013,785140484
IagoQnsi,Neo-Jay,edit,P2013,1159595154
Neo-Jay,Premeditated,edit,P2013,1204643896
Premeditated,Wd-Ryan,edit,P2013,1337484928
Wd-Ryan,Elli,edit,P2013,1362733827
Elli,BEZPREDELIUS,edit,P2013,1404079565
BEZPREDELIUS,Սահակ,edit,P2013,1578758168
Սահակ,Infovarius,edit,P2013,1578889160
Infovarius,Wd-Ryan,edit,P2013,1698017682
Wd-Ryan,Gustavohdh,edit,P2013,2194981339
Gustavohdh,Back ache,edit,P2013,2298189447
Back ache,Սահակ,edit,P2013,2300809914
Jura1,Lieutcoluseng,delete,P1853,1000336309
Reinheitsgebot,87.88.81.212,edit,P2163,330346119
87.88.81.212,Jared Preston,edit,P2163,330354431
Runner1928,Triggerhippie4,edit,P2390,314278466
Triggerhippie4,BrokenSegue,edit,P2390,1747960948
Chuq,Triggerhippie4,edit,P2600,434574957
Triggerhippie4,EdgarsBot,edit,P2600,665449787
EdgarsBot,Lieutcoluseng,edit,P2600,1357980788
Triggerhippie4,Jura1,edit,P39,404419693
Jura1,Galaktos,edit,P39,404448163
Galaktos,FShbib,edit,P39,404559013
FShbib,Triggerhippie4,edit,P39,405063455
Triggerhippie4,Jura1,edit,P39,405648938
Jura1,FShbib,edit,P39,409513495
FShbib,Jura1,edit,P39,409544397
Jura1,QZanden,edit,P39,410061308
QZanden,Sjoerddebruin,edit,P39,410062217
Sjoerddebruin,Entbert,edit,P39,433489545
Entbert,Arbnos,edit,P39,436347244
Arbnos,Jon Harald Søby,edit,P39,501654603
Jon Harald Søby,Oravrattas,edit,P39,502127898
Oravrattas,Jey,edit,P39,696570600
Jey,ElmarG,edit,P39,756648226
ElmarG,Chess,edit,P39,813115349
Chess,Morgankevinj,edit,P39,979139937
Morgankevinj,Andreasmperu,edit,P39,1044259638
Andreasmperu,PLbot,edit,P39,1081966026
PLbot,Dhx1,edit,P39,1303782616
Dhx1,Neo-Jay,edit,P39,1308231889
Neo-Jay,DeltaBot,edit,P39,1308235098
DeltaBot,Neo-Jay,edit,P39,1308267375
Neo-Jay,Wd-Ryan,edit,P39,1339176636
Wd-Ryan,Apalsola,edit,P39,1344903517
Apalsola,Ériugena,edit,P39,1351288204
Ériugena,Chrisahn,edit,P39,1351302571
Chrisahn,Jura1,edit,P39,1351337234
Jura1,Richard Arthur Norton (1958- ),edit,P39,1409971800
Richard Arthur Norton (1958- ),Reinheitsgebot,edit,P39,1542667164
Reinheitsgebot,IagoQnsi,edit,P39,1700541660
IagoQnsi,RVA2869,edit,P39,2079625302
RVA2869,Sylent15,edit,P39,2270981947
Sylent15,أبو علاء العلوي,edit,P39,2282627974
أبو علاء العلوي,DrGiRu,edit,P39,2300660634
DrGiRu,Swpb,edit,P39,2304779276
Triggerhippie4,Proud User,edit,P166,390202985
Proud User,Triggerhippie4,edit,P166,403938386
Triggerhippie4,Entbert,edit,P166,414779563
Entbert,Triggerhippie4,edit,P166,434374818
Triggerhippie4,Koxinga,edit,P166,437923284
Koxinga,GerardM,edit,P166,449203661
GerardM,Trivialist,edit,P166,482647293
Trivialist,MaksOttoVonStirlitz,edit,P166,564012227
MaksOttoVonStirlitz,Trivialist,edit,P166,622903670
Trivialist,Valentina.Anitnelav,edit,P166,1069412871
Valentina.Anitnelav,PLbot,edit,P166,1081966106
PLbot,Premeditated,edit,P166,1204643896
Premeditated,Manu1400,edit,P166,1285445467
Manu1400,Haansn08,edit,P166,1285600084
Haansn08,Orwell1,edit,P166,1295050463
Orwell1,99of9,edit,P166,1295066928
99of9,Elli,edit,P166,1343803456
Elli,FShbib,edit,P166,1354859546
FShbib,BaubLeBuidler,edit,P166,1599741515
BaubLeBuidler,Finnusertop,edit,P166,1687284479
Finnusertop,Simba16,edit,P166,1719596548
Simba16,Шиманський Василь,edit,P166,1785359470
Шиманський Василь,Brunnaiz,edit,P166,1822903577
Brunnaiz,DifoolBot,edit,P166,2258149702
DifoolBot,Pegy22,edit,P166,2271255781
Pegy22,Mivmunfdgg234556,edit,P166,2287288400
Mivmunfdgg234556,Duckmather,edit,P166,2302161767
Duckmather,Mr.Karhi,edit,P166,2348905906
Jura1,Wylve,edit,P25,421958554
Triggerhippie4,2607:FCC8:9E49:2D00:5919:4280:7F6:8706,edit,P9,330376163
2607:FCC8:9E49:2D00:5919:4280:7F6:8706,Jklamo,edit,P9,330377753
Jklamo,FallingGravity,edit,P9,363551169
FallingGravity,PLbot,delete,P9,415776646
Triggerhippie4,Buccinek,edit,P1038,986877608
Buccinek,Andreasmperu,edit,P1038,1044261123
Andreasmperu,PaSova,edit,P1038,1217327575
PaSova,Coqui002,edit,P1038,1312252976
Coqui002,KrBot,edit,P1038,1312277823
KrBot,Quesotiotyo,edit,P1038,1324635098
Quesotiotyo,KrBot,edit,P1038,1461539824
KrBot,أبو علاء العلوي,edit,P1038,2292484942
أبو علاء العلوي,Adeletron 3030,edit,P1038,2346214960
Triggerhippie4,Horst,edit,P172,391631351
Horst,Triggerhippie4,edit,P172,403416153
Triggerhippie4,ElmarG,edit,P172,482580415
ElmarG,Lieutcoluseng,edit,P172,1000336085
RAMSES$44932,Matthias Winkelmann,edit,P172,1278247437
RAMSES$44932,KrBot,edit,P172,1319365094
KrBot,Matthias Winkelmann,edit,P172,1319450441
1Veertje,Wolverène,edit,P172,1958072791
Triggerhippie4,Entbert,edit,P800,433556053
Entbert,Danrok,edit,P800,434010586
Danrok,PLbot,edit,P800,1081965822
Triggerhippie4,本日晴天,edit,P271,1844967173
Triggerhippie4,Wolfgang8741,edit,P2190,1594129380
Wolfgang8741,Horcrux,edit,P2190,1636085707
Triggerhippie4,Netoholic,edit,P1417,323340607
Netoholic,Triggerhippie4,edit,P1417,403424701
Triggerhippie4,Magnus Manske,edit,P1417,411246625
Magnus Manske,Triggerhippie4,edit,P1417,434406799
Triggerhippie4,Magnus Manske,edit,P1417,556921444
Magnus Manske,FS100,edit,P1417,730914142
FS100,Simon Villeneuve,edit,P1417,923935441
Simon Villeneuve,Biscuit-in-Chief,edit,P1417,948981373
Biscuit-in-Chief,Matlin,edit,P1417,1488274492
Matlin,Horcrux,edit,P1417,1988307515
Horcrux,Duckmather,edit,P1417,2302159820
Triggerhippie4,Gyrostat,edit,P1343,403744088
Gyrostat,Triggerhippie4,edit,P1343,403902648
Triggerhippie4,Jura1,edit,P1343,403902926
Jura1,Triggerhippie4,edit,P1343,403903336
Triggerhippie4,Jura1,edit,P1343,403904378
Jura1,Triggerhippie4,edit,P1343,403905372
Triggerhippie4,Gyrostat,edit,P1343,403921104
Gyrostat,Triggerhippie4,edit,P1343,403926020
Triggerhippie4,Wylve,edit,P1343,421967708
Wylve,Triggerhippie4,edit,P1343,434555772
Triggerhippie4,DeltaBot,edit,P1343,544220209
DeltaBot,ElmarG,edit,P1343,624281623
ElmarG,Jc86035,edit,P1343,827048757
Jc86035,Vojtěch Dostál,edit,P1343,1011989940
Vojtěch Dostál,Helgi-S,edit,P1343,1091756420
Helgi-S,Premeditated,edit,P1343,1204643896
Premeditated,PaSova,edit,P1343,1217740373
PaSova,Arlo Barnes,edit,P1343,1311428615
Triggerhippie4,Yerpo,edit,P1280,330128116
Yerpo,PaSova,edit,P1280,644060758
PaSova,Epìdosis,edit,P1280,2116083287
Triggerhippie4,Arbnos,edit,P648,425997562
Arbnos,MatSuBot,edit,P648,528985335
Triggerhippie4,Tpt,edit,P2397,404410563
Tpt,Pigsonthewing,delete,P2397,407915358
Triggerhippie4,Pigsonthewing,delete,P2397,407944349
Thibaut120094,Pigsonthewing,delete,P2397,468274256
BrokenSegue,OsamaK,edit,P2397,1224262519
OsamaK,Kimsaka,edit,P2397,1264983731
Kimsaka,BorkedBot,edit,P2397,1321261412
BorkedBot,Wd-Ryan,edit,P2397,1337480527
Wd-Ryan,M2545,edit,P2397,1340186384
Triggerhippie4,208.94.131.73,edit,P1449,679458722
208.94.131.73,Galobtter,edit,P1449,679462338
Galobtter,Niskka2,delete,P1449,2270878880
Triggerhippie4,Zenfiric,edit,P1424,1224252175
Triggerhippie4,Thibaut120094,edit,P154,434077411
Thibaut120094,Wow,delete,P154,1943314342
MineoBot,Nintendofan885,edit,P434,1845491213
Danrok,Jared Preston,edit,P2218,416141707
Jared Preston,Kamapants,edit,P2218,842800492
Kamapants,JC Work,edit,P2218,925354577
JC Work,Premeditated,edit,P2218,1204643896
Premeditated,RVA2869,edit,P2218,1602904341
RVA2869,Trivialist,edit,P2218,2053932819
Salgo60,Lesko987a,edit,P2949,1473338528
Pigsonthewing-bot,Danrok,edit,P3106,383987804
Josve05a,Triggerhippie4,edit,P3222,403504923
Triggerhippie4,Thierry Caro,edit,P3222,819459026
Thierry Caro,Reinheitsgebot,edit,P3222,1136029671
Reinheitsgebot,Duckmather,edit,P3222,2302161339
Proud User,KrBot,edit,P2067,390850429
KrBot,Jared Preston,edit,P2067,416141690
Jared Preston,Wylve,edit,P2067,421966177
Wylve,Proud User,edit,P2067,621196499
Proud User,Nicewels,edit,P2067,654869860
Nicewels,Manu1400,edit,P2067,858844310
Manu1400,Baji,edit,P2067,1081597356
Baji,Infovarius,edit,P2067,1082240501
Infovarius,Khiari,edit,P2067,1196603669
Khiari,Premeditated,edit,P2067,1204643896
Premeditated,Maggot27,edit,P2067,1307231609
Maggot27,Matthias Winkelmann,edit,P2067,1319451191
Matthias Winkelmann,Infovarius,edit,P2067,1338574518
Infovarius,Asav,edit,P2067,1866214133
Asav,Effeietsanders,edit,P2067,1960696240
Effeietsanders,Gabldotink,edit,P2067,2224666868
Gabldotink,Amadalvarez,edit,P2067,2328551380
Amadalvarez,Этот месяц,edit,P2067,2345614465
Triggerhippie4,Entbert,edit,P937,433558162
Entbert,JFG,edit,P937,530785042
JFG,PLbot,edit,P937,1081965886
PLbot,Rodhullandemu,edit,P937,1348815147
Sotho Tal Ker,KrBot,edit,P1670,1150620477
Triggerhippie4,Pigsonthewing,edit,P2963,466754863
Pigsonthewing,BorkedBot,edit,P2963,1283373118
Triggerhippie4,SpanishSnake,edit,P443,808162112
Triggerhippie4,Arbnos,edit,P1411,433596499
Arbnos,Triggerhippie4,edit,P1411,435776472
Triggerhippie4,Galaktos,edit,P1411,873523114
Galaktos,Valentina.Anitnelav,edit,P1411,1069412949
Valentina.Anitnelav,Matthias Winkelmann,edit,P1411,1286806878
Matthias Winkelmann,Duckmather,edit,P1411,2302159738
Triggerhippie4,Thierry Caro,delete,P2686,712241546
Triggerhippie4,Matlin,edit,P1015,1726511081
Matlin,KingSkyLord,edit,P1015,1948959576
Triggerhippie4,22merlin,edit,P2048,405698730
22merlin,Triggerhippie4,edit,P2048,405970401
Triggerhippie4,Ayoungprogrammer,edit,P2048,408967997
Ayoungprogrammer,Jared Preston,edit,P2048,416141649
Jared Preston,Proud User,edit,P2048,621196632
Proud User,Nicewels,edit,P2048,654869978
Nicewels,Sambo97,edit,P2048,749625598
Sambo97,Manu1400,edit,P2048,858844763
Manu1400,Vanilli996,edit,P2048,1044448928
Vanilli996,MatSuBot,edit,P2048,1047141718
MatSuBot,Baji,edit,P2048,1081598252
Baji,Infovarius,edit,P2048,1082240501
Infovarius,MatSuBot,edit,P2048,1115675523
MatSuBot,Premeditated,edit,P2048,1204643896
Premeditated,Echando una mano,edit,P2048,1302736110
Echando una mano,Infovarius,edit,P2048,1303490801
Infovarius,Gobonobo,edit,P2048,1322037034
Gobonobo,Denny,edit,P2048,1554461406
Denny,Effeietsanders,edit,P2048,1960695226
Effeietsanders,Back ache,edit,P2048,2095878435
Back ache,Hardwigg,edit,P2048,2216332298
Epìdosis,Bargioni,edit,P396,1692801096
Bargioni,DifoolBot,edit,P396,2282545316
Triggerhippie4,Echando una mano,delete,P53,408033739
KrBot,Triggerhippie4,edit,P53,1165952872
Triggerhippie4,Jura1,edit,P410,406167841
Jura1,Wylve,edit,P410,433576143
Wylve,Lovasoa,delete,P410,1211059376
Triggerhippie4,SpanishSnake,edit,P898,808162201
SpanishSnake,Nikki,delete,P898,1820916539
Kareyac,Lovasoa,delete,P989,1211060333
Mr. Ibrahem,PokestarFan,edit,P3373,528338043
PokestarFan,Pooriaazimi,edit,P3373,588971235
Pooriaazimi,Robin van der Vliet,edit,P3373,594566148
Robin van der Vliet,أبو علاء العلوي,edit,P3373,2292573501
Jura1,Eingangskontrolle,edit,P1889,432643661
Eingangskontrolle,Infovarius,edit,P1889,447636543
Infovarius,GeertivpBot,edit,P1889,1577729662
GeertivpBot,Legonin,edit,P1889,2248911918
LydiaPintscher,Pigsonthewing,edit,P3417,428630849
Pigsonthewing,Triggerhippie4,edit,P3417,434423601
Triggerhippie4,Pigsonthewing-bot,edit,P3417,440896638
Pigsonthewing-bot,JayWacker,edit,P3417,451728526
JayWacker,KrBot,edit,P3417,456904764
KrBot,Matlin,edit,P3417,1332131015
Josve05a,DeltaBot,edit,P3479,438075475
DeltaBot,Pasleim,edit,P3479,438075931
Entbert,Premeditated,edit,P973,1204643896
Premeditated,Back ache,edit,P973,2325950535
Triggerhippie4,Lieutcoluseng,edit,P94,750933994
Lieutcoluseng,KrBot,edit,P94,795891515
KrBot,DannyS712,edit,P94,830725033
DannyS712,Track13,delete,P94,851349583
Triggerhippie4,Trivialist,delete,P724,1294005405
Infovarius,Trivialist,delete,P724,1303518398
RVA2869,Duckmather,delete,P724,2302162604
Triggerhippie4,KrBot,delete,P361,647746201
Infovarius,Trivialist,edit,P463,1354844638
Trivialist,RVA2869,edit,P463,1602863278
RVA2869,Nw520,edit,P463,1737861347
Nw520,أبو علاء العلوي,edit,P463,2282632528
Mutante,Nicewels,edit,P1884,654862579
Nicewels,95.17.71.24,edit,P1884,677787023
95.17.71.24,Zaccarias,edit,P1884,677799412
Zaccarias,95.131.167.34,edit,P1884,682611847
95.131.167.34,Galobtter,edit,P1884,682617182
Galobtter,Premeditated,edit,P1884,1204643896
Premeditated,Effeietsanders,edit,P1884,1960697236
Mutante,22merlin,edit,P462,470613873
Mwtoews,DeltaBot,edit,P742,477301599
DeltaBot,83.58.143.235,edit,P742,483743009
83.58.143.235,Jared Preston,edit,P742,483743526
Jared Preston,Kovox90,edit,P742,544194854
Kovox90,DeltaBot,edit,P742,544220231
DeltaBot,Richard Arthur Norton (1958- ),edit,P742,655606263
Richard Arthur Norton (1958- ),DeltaBot,edit,P742,655612835
DeltaBot,Jc86035,edit,P742,827047431
Jc86035,DannyS712,edit,P742,953025613
DannyS712,DemonDays64,edit,P742,1087874398
DemonDays64,Pigsonthewing,edit,P742,1160509886
Pigsonthewing,KrBot,edit,P742,1166799875
KrBot,Premeditated,edit,P742,1204643896
Premeditated,Elli,edit,P742,1343802239
Elli,PantheraLeo1359531,edit,P742,2342059268
Botcrux,William Avery Bot,edit,P3365,1597457537
Maxlath,PLbot,edit,P3984,675078939
PLbot,Maxlath,edit,P3984,1109209632
Maxlath,OsamaK,edit,P3984,1227209203
OsamaK,Wd-Ryan,edit,P3984,1337481623
Wd-Ryan,Trade,edit,P3984,1658434419
Trade,Infovarius,edit,P3984,1847529265
Infovarius,Trade,edit,P3984,1876468127
Trade,Maxlath,edit,P3984,2083366628
Maxlath,DifoolBot,edit,P3984,2258149702
Pigsonthewing,Premeditated,edit,P4265,1204643896
Premeditated,Wd-Ryan,edit,P4265,1337897290
Zenfiric,Josh404Bot,edit,P4985,1430572049
Tom Morris,Tagishsimon,edit,P4527,1345773699
Tagishsimon,Morrelln,edit,P4527,1474744286
Frettie,Thierry Caro,edit,P1344,1028554262
Thierry Caro,HapHaxion,edit,P1344,1079497796
HapHaxion,DannyS712,edit,P1344,1079520608
DannyS712,SilentSpike,edit,P1344,1198578745
SilentSpike,J 1982,edit,P1344,1338924948
J 1982,Infovarius,edit,P1344,1341699329
Infovarius,Germartin1,edit,P1344,1787426438
Germartin1,Unclejohann,edit,P1344,2168762271
Unclejohann,Cranloa12n,edit,P1344,2223016523
Shadess,KrBot,delete,P2671,698819887
QuickStatementsBot,Mivmunfdgg234556,edit,P5361,2314951347
Nicewels,Andreasmperu,delete,P108,713913197
Janitoalevic,Trivialist,delete,P108,1664226664
Arch2all,Premeditated,edit,P5508,1204643896
Thierry Caro,Pyb en résidence,edit,P5551,2287743705
AliciaFagervingWMSE-bot,Premeditated,edit,P5587,1204643896
Premeditated,DifoolBot,edit,P5587,2282545316
Fuzheado,Genderforschung,edit,P6251,1095590565
Mariogoods,Jeanjung212,edit,P3553,1179147851
Jeanjung212,MidleadingBot,edit,P3553,1826585592
Nicewels,Andreasmperu,delete,P1591,878846579
Thierry Caro,AIRAZUR,edit,P6620,991625406
Trivialist,Nintendofan885,edit,P2850,1845489087
Nintendofan885,Trivialist,edit,P2850,1868223371
Jeluang Terluang,Ytterbyz,edit,P5404,2257965892
Havoc Crow,Trivialist,edit,P6839,1294001166
Kayakgamey,Trivialist,delete,P241,987724522
Premeditated,KrBot,edit,P4342,1009943887
FallingGravity,Wd-Ryan,edit,P5797,1337446185
Wd-Ryan,Reinheitsgebot,edit,P5797,1542667216
Reinheitsgebot,Kimsaka,delete,P5797,1705309948
Kimsaka,Wd-Ryan,edit,P5797,2222118946
Vanilli996,Effeietsanders,edit,P1340,1960696648
Trade,Salgo60,edit,P3388,1111636262
Helgi-S,Charp238,edit,P6058,2061783609
Tinker Bell,Ameisenigel,delete,P7818,2199434629
Tinker Bell,Ameisenigel,delete,P7829,2192087303
Tinker Bell,Ameisenigel,delete,P7827,2192099815
Tinker Bell,Ameisenigel,delete,P7832,2192107240
Tinker Bell,Ameisenigel,delete,P7822,2192091065
Dcflyer,Jeanjung212,edit,P7929,1124357408
GreenComputer,Premeditated,edit,P6553,1204643896
Vladimir Alexiev,Twofivesixbot,delete,P7859,2152680477
Sotho Tal Ker,Epìdosis,delete,P7699,1200774408
Sotho Tal Ker,KrBot,edit,P6394,2259734113
KrBot,Duckmather,edit,P6394,2302162495
Wdpp,Mariobanana,edit,P6900,2294475734
Oravrattas,J 1982,edit,P3602,1341706439
J 1982,Cranloa12n,edit,P3602,2223016138
99of9,Ben Skála,edit,P1050,1285349508
Ben Skála,Dhx1,edit,P1050,1285359059
Dhx1,Trivialist,edit,P1050,1286669100
Trivialist,NMaia,edit,P1050,1329155421
NMaia,Ottawahitech,edit,P1050,1502261106
Matthias Winkelmann,DeltaBot,edit,P2295,1286847298
DeltaBot,99of9,edit,P2295,1302778993
99of9,Duckmather,delete,P2295,2302160182
Trivialist,TnT20052013,edit,P6262,1355617497
TnT20052013,BorkedBot,edit,P6262,1382050473
BorkedBot,Solidest,edit,P6262,1891333938
Solidest,BorkedBot,edit,P6262,1894025164
BorkedBot,Mullanur,edit,P6262,2253194054
Mullanur,J 1982,edit,P6262,2300918471
Dhx1,NMaia,edit,P641,1329155421
NMaia,Asav,edit,P641,1866214936
Arlo Barnes,Trade,edit,P8839,1311743345
Trade,Mayimbú,edit,P8919,1337476574
Mayimbú,Wd-Ryan,edit,P8919,1337499815
Wd-Ryan,Int21h,edit,P8919,1609054162
Wd-Ryan,Gereon K.,delete,P8687,1337645950
Jura1,דברי.הימים,edit,P8687,1342902603
Jura1,BorkedBot,edit,P8687,1352245010
Animalparty,Jneubert,edit,P4293,1344696474
Valentin Sapiens,Photoshoper97,edit,P3789,1410869054
Photoshoper97,Addshore,edit,P3789,1410875693
Addshore,Սահակ,delete,P3789,1578061057
Apurarazul,Eihel,delete,P9395,1580432689
Trivialist,Nintendofan885,edit,P1581,1747658138
Infovarius,Reinheitsgebot,edit,P1552,1542667236
Reinheitsgebot,TiagoLubiana,edit,P1552,1590188005
TiagoLubiana,Quesotiotyo,delete,P1552,1847846999
Arlo Barnes,Crystal-bot,edit,P5737,1668228802
Crystal-bot,So47009,edit,P5737,2217448393
Sotho Tal Ker,KrBot,edit,P1695,1971691180
Thierry Caro,Hearvox,edit,P9852,2108203859
So9q,Asav,edit,P3618,1866213061
Photoshoper97,Proeksad,edit,P6739,2311848174
Sadads,Back ache,edit,P10843,1769163917
Back ache,Witidaka,edit,P10843,1943452586
Witidaka,DifoolBot,edit,P10843,2282545316
DifoolBot,Duckmather,edit,P10843,2302158749
Duckmather,Sadads,edit,P10843,2325655470
BrokenSegue,DifoolBot,edit,P7502,2282545316
Johnson524,Infovarius,delete,P971,1758159538
Wd-Ryan,Back ache,edit,P2572,2223279769
MSMST1543,Mbch331,edit,P11245,1801894184
Reinheitsgebot,Quesotiotyo,delete,P17,1841558359
Nintendofan885,Trivialist,edit,P1902,2027622285
Obscuraa,Solidest,edit,P2924,1930127169
Tataral,Wd-Ryan,edit,P2632,1960609934
Wd-Ryan,Effeietsanders,edit,P2632,1960691236
Effeietsanders,Hodolog,edit,P2632,1960808570
Hodolog,Jane023,edit,P2632,1960844239
Jane023,Tataral,edit,P2632,1961753371
Tataral,Infovarius,edit,P2632,2019827002
Infovarius,Duckmather,edit,P2632,2302160338
Sonia197881,Armurdo,edit,P4440,2270954660
Back ache,JnpoJuwan,delete,P111,2292397130
BrokenSegue,Hemmers,edit,P1399,2169322578
Hemmers,Quick-ease2020,edit,P1399,2181293512
Quick-ease2020,Farisori,edit,P1399,2220399776
Mykhal,Duckmather,delete,P805,2302158450
Ecravo,Heinrich5991,delete,P136,2300734091
Janitoalevic,Michiger,edit,P135,2300508412
Totorvdr59,Deva1995,delete,P3342,2349458119
