Source,Target,Type,Label,Predicate,start,end
NoclaimsBot,Zhenqinli,Directed,edit,P31,2020/01/01,2022/01/01
Zhenqinli,185.197.245.128,Directed,edit,P31,2020/01/01,2022/01/01
185.197.245.128,Daniel Mietchen,Directed,edit,P31,2020/01/01,2022/01/01
Daniel Mietchen,Zhenqinli,Directed,edit,P31,2020/01/01,2022/01/01
Zhenqinli,Dhx1,Directed,edit,P31,2020/01/01,2022/01/01
Dhx1,112.119.86.240,Directed,edit,P31,2020/01/01,2022/01/01
112.119.86.240,Eulenspiegel1,Directed,edit,P31,2020/01/01,2022/01/01
Eulenspiegel1,Zhenqinli,Directed,edit,P31,2020/01/01,2022/01/01
Zhenqinli,BohemianRhapsody,Directed,edit,P31,2020/01/01,2022/01/01
BohemianRhapsody,168.234.201.162,Directed,edit,P31,2020/01/01,2022/01/01
168.234.201.162,Tarnumg,Directed,edit,P31,2020/01/01,2022/01/01
Tarnumg,WTM,Directed,edit,P31,2020/01/01,2022/01/01
WTM,Bjs,Directed,edit,P31,2020/01/01,2022/01/01
Bjs,Jodi.a.schneider,Directed,edit,P31,2020/01/01,2022/01/01
Jodi.a.schneider,TiagoLubiana,Directed,edit,P31,2020/01/01,2022/01/01
TiagoLubiana,Neo-Jay,Directed,edit,P31,2020/01/01,2022/01/01
Neo-Jay,117.211.214.201,Directed,edit,P31,2020/01/01,2022/01/01
117.211.214.201,Haansn08,Directed,edit,P31,2020/01/01,2022/01/01
Haansn08,2003:C6:7F17:CF00:C97D:94DA:5C8C:7E7B,Directed,edit,P31,2020/01/01,2022/01/01
2003:C6:7F17:CF00:C97D:94DA:5C8C:7E7B,Epìdosis,Directed,edit,P31,2020/01/01,2022/01/01
Epìdosis,Zhenqinli,Directed,edit,P31,2020/01/01,2022/01/01
Zhenqinli,58.182.83.199,Directed,edit,P31,2020/01/01,2022/01/01
58.182.83.199,Epìdosis,Directed,edit,P31,2020/01/01,2022/01/01
Epìdosis,Sun8908,Directed,edit,P31,2020/01/01,2022/01/01
Sun8908,103.136.251.3,Directed,edit,P31,2020/01/01,2022/01/01
103.136.251.3,Julián L. Páez,Directed,edit,P31,2020/01/01,2022/01/01
Julián L. Páez,90.244.204.15,Directed,edit,P31,2020/01/01,2022/01/01
90.244.204.15,Julián L. Páez,Directed,edit,P31,2020/01/01,2022/01/01
Julián L. Páez,187.189.148.55,Directed,edit,P31,2020/01/01,2022/01/01
187.189.148.55,Bouzinac,Directed,edit,P31,2020/01/01,2022/01/01
Bouzinac,213.60.84.17,Directed,edit,P31,2020/01/01,2022/01/01
213.60.84.17,Julián L. Páez,Directed,edit,P31,2020/01/01,2022/01/01
Julián L. Páez,78.94.13.251,Directed,edit,P31,2020/01/01,2022/01/01
78.94.13.251,Sun8908,Directed,edit,P31,2020/01/01,2022/01/01
Sun8908,Marchitelli,Directed,edit,P31,2020/01/01,2022/01/01
Marchitelli,Lymantria,Directed,edit,P31,2020/01/01,2022/01/01
Lymantria,86.164.235.33,Directed,edit,P31,2020/01/01,2022/01/01
86.164.235.33,Epìdosis,Directed,edit,P31,2020/01/01,2022/01/01
Epìdosis,Mith,Directed,edit,P31,2020/01/01,2022/01/01
Mith,ChristianKl,Directed,edit,P31,2022/01/01,2024/01/01
ChristianKl,Zhenqinli,Directed,edit,P31,2022/01/01,2024/01/01
Zhenqinli,Swpb,Directed,edit,P31,2024/01/01,2025/06/29
Neo-Jay,Osteologia,Directed,edit,P580,2020/01/01,2022/01/01
Osteologia,U0008355,Directed,edit,P580,2020/01/01,2022/01/01
U0008355,Dhx1,Directed,edit,P580,2020/01/01,2022/01/01
Dhx1,99.87.202.180,Directed,edit,P580,2020/01/01,2022/01/01
99.87.202.180,Tarnumg,Directed,edit,P580,2020/01/01,2022/01/01
Tarnumg,Dhx1,Directed,edit,P580,2020/01/01,2022/01/01
Dhx1,Sun8908,Directed,edit,P580,2020/01/01,2022/01/01
Sun8908,Huntster,Directed,edit,P580,2024/01/01,2025/06/29
Neo-Jay,Dhx1,Directed,edit,P17,2020/01/01,2022/01/01
Dhx1,200.211.11.2,Directed,edit,P17,2020/01/01,2022/01/01
200.211.11.2,Dhx1,Directed,edit,P17,2020/01/01,2022/01/01
Dhx1,Adert,Directed,edit,P17,2020/01/01,2022/01/01
Adert,Dhx1,Directed,edit,P17,2020/01/01,2022/01/01
Dhx1,Adert,Directed,edit,P17,2020/01/01,2022/01/01
Adert,Dhx1,Directed,edit,P17,2020/01/01,2022/01/01
Dhx1,Adert,Directed,edit,P17,2020/01/01,2022/01/01
Adert,Cbliu,Directed,edit,P17,2020/01/01,2022/01/01
Cbliu,Salgo60,Directed,edit,P17,2020/01/01,2022/01/01
Salgo60,Davidpar,Directed,edit,P17,2020/01/01,2022/01/01
Davidpar,Adert,Directed,edit,P17,2020/01/01,2022/01/01
Adert,Davidpar,Directed,edit,P17,2020/01/01,2022/01/01
Davidpar,Adert,Directed,edit,P17,2020/01/01,2022/01/01
Adert,Zzme123,Directed,edit,P17,2020/01/01,2022/01/01
Zzme123,Adert,Directed,edit,P17,2020/01/01,2022/01/01
Adert,Neo-Jay,Directed,edit,P17,2020/01/01,2022/01/01
Neo-Jay,JohnShaoWJ,Directed,edit,P17,2020/01/01,2022/01/01
JohnShaoWJ,37.163.62.179,Directed,edit,P17,2020/01/01,2022/01/01
37.163.62.179,Adert,Directed,edit,P17,2020/01/01,2022/01/01
Adert,Neo-Jay,Directed,edit,P17,2020/01/01,2022/01/01
Neo-Jay,Adert,Directed,edit,P17,2020/01/01,2022/01/01
Adert,Neo-Jay,Directed,edit,P17,2020/01/01,2022/01/01
Neo-Jay,Robins7,Directed,edit,P17,2020/01/01,2022/01/01
Robins7,Neo-Jay,Directed,edit,P17,2020/01/01,2022/01/01
Neo-Jay,Robins7,Directed,edit,P17,2020/01/01,2022/01/01
Robins7,168.234.201.162,Directed,edit,P17,2020/01/01,2022/01/01
168.234.201.162,Neo-Jay,Directed,edit,P17,2020/01/01,2022/01/01
Neo-Jay,Fnielsen,Directed,edit,P17,2020/01/01,2022/01/01
Fnielsen,Neo-Jay,Directed,edit,P17,2020/01/01,2022/01/01
Neo-Jay,Sebleouf,Directed,edit,P17,2020/01/01,2022/01/01
Sebleouf,Neo-Jay,Directed,edit,P17,2020/01/01,2022/01/01
Neo-Jay,1857a,Directed,edit,P17,2020/01/01,2022/01/01
1857a,ערן,Directed,edit,P17,2020/01/01,2022/01/01
ערן,Neo-Jay,Directed,edit,P17,2020/01/01,2022/01/01
Neo-Jay,Roberpl,Directed,edit,P17,2020/01/01,2022/01/01
Roberpl,Neo-Jay,Directed,edit,P17,2020/01/01,2022/01/01
Neo-Jay,M2k~dewiki,Directed,edit,P17,2020/01/01,2022/01/01
M2k~dewiki,Dhx1,Directed,edit,P17,2020/01/01,2022/01/01
Dhx1,JXB-IM,Directed,edit,P17,2020/01/01,2022/01/01
JXB-IM,Epìdosis,Directed,edit,P17,2020/01/01,2022/01/01
Epìdosis,Sun8908,Directed,edit,P17,2020/01/01,2022/01/01
Sun8908,2001:4C4C:1EF5:AB00:F8C1:67A:80C9:5D5C,Directed,edit,P17,2020/01/01,2022/01/01
2001:4C4C:1EF5:AB00:F8C1:67A:80C9:5D5C,Epìdosis,Directed,edit,P17,2020/01/01,2022/01/01
Epìdosis,Jarould,Directed,edit,P17,2022/01/01,2024/01/01
Neo-Jay,Zhenqinli,Directed,edit,P1120,2020/01/01,2022/01/01
Zhenqinli,Jake Park,Directed,edit,P1120,2020/01/01,2022/01/01
Jake Park,Efly,Directed,edit,P1120,2020/01/01,2022/01/01
Efly,علاء,Directed,edit,P1120,2020/01/01,2022/01/01
علاء,2A02:2F09:9219:4100:A873:CD20:2A06:C504,Directed,edit,P1120,2020/01/01,2022/01/01
2A02:2F09:9219:4100:A873:CD20:2A06:C504,187.160.250.242,Directed,edit,P1120,2020/01/01,2022/01/01
187.160.250.242,Golopența20,Directed,edit,P1120,2020/01/01,2022/01/01
Golopența20,Ajimenez07,Directed,edit,P1120,2020/01/01,2022/01/01
Ajimenez07,2A02:2F09:9219:4100:81F6:ECF9:20B7:94DB,Directed,edit,P1120,2020/01/01,2022/01/01
2A02:2F09:9219:4100:81F6:ECF9:20B7:94DB,Zhenqinli,Directed,edit,P1120,2020/01/01,2022/01/01
Zhenqinli,Jaumellecha,Directed,edit,P1120,2020/01/01,2022/01/01
Jaumellecha,Zhenqinli,Directed,edit,P1120,2020/01/01,2022/01/01
Zhenqinli,5.14.98.162,Directed,edit,P1120,2020/01/01,2022/01/01
5.14.98.162,Wostr,Directed,edit,P1120,2020/01/01,2022/01/01
Wostr,Jeblad,Directed,edit,P1120,2020/01/01,2022/01/01
Jeblad,Zhenqinli,Directed,edit,P1120,2020/01/01,2022/01/01
Zhenqinli,212.171.197.101,Directed,edit,P1120,2020/01/01,2022/01/01
212.171.197.101,Zhenqinli,Directed,edit,P1120,2020/01/01,2022/01/01
Zhenqinli,Jeblad,Directed,edit,P1120,2020/01/01,2022/01/01
Jeblad,187.160.250.242,Directed,edit,P1120,2020/01/01,2022/01/01
187.160.250.242,Zhenqinli,Directed,edit,P1120,2020/01/01,2022/01/01
Zhenqinli,193.151.31.248,Directed,edit,P1120,2020/01/01,2022/01/01
193.151.31.248,Succu,Directed,edit,P1120,2020/01/01,2022/01/01
Succu,Zhenqinli,Directed,edit,P1120,2020/01/01,2022/01/01
Zhenqinli,Jeblad,Directed,edit,P1120,2020/01/01,2022/01/01
Jeblad,Zhenqinli,Directed,edit,P1120,2020/01/01,2022/01/01
Zhenqinli,185.197.245.128,Directed,edit,P1120,2020/01/01,2022/01/01
185.197.245.128,Nvrandow,Directed,edit,P1120,2020/01/01,2022/01/01
Nvrandow,Venca24,Directed,edit,P1120,2020/01/01,2022/01/01
Venca24,Jeblad,Directed,edit,P1120,2020/01/01,2022/01/01
Jeblad,Dhx1,Directed,edit,P1120,2020/01/01,2022/01/01
Dhx1,Zhenqinli,Directed,edit,P1120,2020/01/01,2022/01/01
Zhenqinli,KlaudiuMihaila,Directed,edit,P1120,2020/01/01,2022/01/01
KlaudiuMihaila,Dhx1,Directed,edit,P1120,2020/01/01,2022/01/01
Dhx1,Zhenqinli,Directed,edit,P1120,2020/01/01,2022/01/01
Zhenqinli,80.22.92.116,Directed,edit,P1120,2020/01/01,2022/01/01
80.22.92.116,Dhx1,Directed,edit,P1120,2020/01/01,2022/01/01
Dhx1,Zhenqinli,Directed,edit,P1120,2020/01/01,2022/01/01
Zhenqinli,194.116.26.4,Directed,edit,P1120,2020/01/01,2022/01/01
194.116.26.4,Cbliu,Directed,edit,P1120,2020/01/01,2022/01/01
Cbliu,Zhenqinli,Directed,edit,P1120,2020/01/01,2022/01/01
Zhenqinli,151.52.148.181,Directed,edit,P1120,2020/01/01,2022/01/01
151.52.148.181,علاء,Directed,edit,P1120,2020/01/01,2022/01/01
علاء,Zhenqinli,Directed,edit,P1120,2020/01/01,2022/01/01
Zhenqinli,ZZARZY223,Directed,edit,P1120,2020/01/01,2022/01/01
ZZARZY223,Dhx1,Directed,edit,P1120,2020/01/01,2022/01/01
Dhx1,Zhenqinli,Directed,edit,P1120,2020/01/01,2022/01/01
Zhenqinli,ZZARZY223,Directed,edit,P1120,2020/01/01,2022/01/01
ZZARZY223,Zhenqinli,Directed,edit,P1120,2020/01/01,2022/01/01
Zhenqinli,Dhx1,Directed,edit,P1120,2020/01/01,2022/01/01
Dhx1,ZZARZY223,Directed,edit,P1120,2020/01/01,2022/01/01
ZZARZY223,Zhenqinli,Directed,edit,P1120,2020/01/01,2022/01/01
Zhenqinli,Dhx1,Directed,edit,P1120,2020/01/01,2022/01/01
Dhx1,Zhenqinli,Directed,edit,P1120,2020/01/01,2022/01/01
Zhenqinli,HelpingYouToKnowMore,Directed,edit,P1120,2020/01/01,2022/01/01
HelpingYouToKnowMore,Zhenqinli,Directed,edit,P1120,2020/01/01,2022/01/01
Zhenqinli,ZZARZY223,Directed,edit,P1120,2020/01/01,2022/01/01
ZZARZY223,Zhenqinli,Directed,edit,P1120,2020/01/01,2022/01/01
Zhenqinli,Dhx1,Directed,edit,P1120,2020/01/01,2022/01/01
Dhx1,Zhenqinli,Directed,edit,P1120,2020/01/01,2022/01/01
Zhenqinli,87.0.167.130,Directed,edit,P1120,2020/01/01,2022/01/01
87.0.167.130,Zhenqinli,Directed,edit,P1120,2020/01/01,2022/01/01
Zhenqinli,Eulenspiegel1,Directed,edit,P1120,2020/01/01,2022/01/01
Eulenspiegel1,Zhenqinli,Directed,edit,P1120,2020/01/01,2022/01/01
Zhenqinli,Mohanad,Directed,edit,P1120,2020/01/01,2022/01/01
Mohanad,Zhenqinli,Directed,edit,P1120,2020/01/01,2022/01/01
Zhenqinli,Dhx1,Directed,edit,P1120,2020/01/01,2022/01/01
Dhx1,Zhenqinli,Directed,edit,P1120,2020/01/01,2022/01/01
Zhenqinli,Dhx1,Directed,edit,P1120,2020/01/01,2022/01/01
Dhx1,Zhenqinli,Directed,edit,P1120,2020/01/01,2022/01/01
Zhenqinli,Dhx1,Directed,edit,P1120,2020/01/01,2022/01/01
Dhx1,80.58.165.11,Directed,edit,P1120,2020/01/01,2022/01/01
80.58.165.11,Zhenqinli,Directed,edit,P1120,2020/01/01,2022/01/01
Zhenqinli,Dhx1,Directed,edit,P1120,2020/01/01,2022/01/01
Dhx1,Zhenqinli,Directed,edit,P1120,2020/01/01,2022/01/01
Zhenqinli,Dhx1,Directed,edit,P1120,2020/01/01,2022/01/01
Dhx1,Zhenqinli,Directed,edit,P1120,2020/01/01,2022/01/01
Zhenqinli,Dhx1,Directed,edit,P1120,2020/01/01,2022/01/01
Dhx1,Zhenqinli,Directed,edit,P1120,2020/01/01,2022/01/01
Zhenqinli,Dhx1,Directed,edit,P1120,2020/01/01,2022/01/01
Dhx1,Zhenqinli,Directed,edit,P1120,2020/01/01,2022/01/01
Zhenqinli,95.237.33.83,Directed,edit,P1120,2020/01/01,2022/01/01
95.237.33.83,Dhx1,Directed,edit,P1120,2020/01/01,2022/01/01
Dhx1,Zhenqinli,Directed,edit,P1120,2020/01/01,2022/01/01
Zhenqinli,Dhx1,Directed,edit,P1120,2020/01/01,2022/01/01
Dhx1,Zhenqinli,Directed,edit,P1120,2020/01/01,2022/01/01
Zhenqinli,116.48.25.163,Directed,edit,P1120,2020/01/01,2022/01/01
116.48.25.163,Dhx1,Directed,edit,P1120,2020/01/01,2022/01/01
Dhx1,Zhenqinli,Directed,edit,P1120,2020/01/01,2022/01/01
Zhenqinli,Dhx1,Directed,edit,P1120,2020/01/01,2022/01/01
Dhx1,Zhenqinli,Directed,edit,P1120,2020/01/01,2022/01/01
Zhenqinli,Dhx1,Directed,edit,P1120,2020/01/01,2022/01/01
Dhx1,Zhenqinli,Directed,edit,P1120,2020/01/01,2022/01/01
Zhenqinli,Dhx1,Directed,edit,P1120,2020/01/01,2022/01/01
Dhx1,Zhenqinli,Directed,edit,P1120,2020/01/01,2022/01/01
Zhenqinli,Mohanad,Directed,edit,P1120,2020/01/01,2022/01/01
Mohanad,Dhx1,Directed,edit,P1120,2020/01/01,2022/01/01
Dhx1,Zhenqinli,Directed,edit,P1120,2020/01/01,2022/01/01
Zhenqinli,Dhx1,Directed,edit,P1120,2020/01/01,2022/01/01
Dhx1,Zhenqinli,Directed,edit,P1120,2020/01/01,2022/01/01
Zhenqinli,Dhx1,Directed,edit,P1120,2020/01/01,2022/01/01
Dhx1,Zhenqinli,Directed,edit,P1120,2020/01/01,2022/01/01
Zhenqinli,Lofhi,Directed,edit,P1120,2020/01/01,2022/01/01
Lofhi,Zhenqinli,Directed,edit,P1120,2020/01/01,2022/01/01
Zhenqinli,Dhx1,Directed,edit,P1120,2020/01/01,2022/01/01
Dhx1,Zhenqinli,Directed,edit,P1120,2020/01/01,2022/01/01
Zhenqinli,Dhx1,Directed,edit,P1120,2020/01/01,2022/01/01
Dhx1,Zhenqinli,Directed,edit,P1120,2020/01/01,2022/01/01
Zhenqinli,Dhx1,Directed,edit,P1120,2020/01/01,2022/01/01
Dhx1,Zhenqinli,Directed,edit,P1120,2020/01/01,2022/01/01
Zhenqinli,Dhx1,Directed,edit,P1120,2020/01/01,2022/01/01
Dhx1,Zhenqinli,Directed,edit,P1120,2020/01/01,2022/01/01
Zhenqinli,TiagoLubiana,Directed,edit,P1120,2020/01/01,2022/01/01
TiagoLubiana,Dhx1,Directed,edit,P1120,2020/01/01,2022/01/01
Dhx1,Zhenqinli,Directed,edit,P1120,2020/01/01,2022/01/01
Zhenqinli,Dhx1,Directed,edit,P1120,2020/01/01,2022/01/01
Dhx1,Zhenqinli,Directed,edit,P1120,2020/01/01,2022/01/01
Zhenqinli,Dhx1,Directed,edit,P1120,2020/01/01,2022/01/01
Dhx1,Zhenqinli,Directed,edit,P1120,2020/01/01,2022/01/01
Zhenqinli,So9q,Directed,edit,P1120,2020/01/01,2022/01/01
So9q,Dhx1,Directed,edit,P1120,2020/01/01,2022/01/01
Dhx1,2A02:2788:1024:CC0:2966:F6FC:143C:6004,Directed,edit,P1120,2020/01/01,2022/01/01
2A02:2788:1024:CC0:2966:F6FC:143C:6004,Dhx1,Directed,edit,P1120,2020/01/01,2022/01/01
Dhx1,117.211.214.201,Directed,edit,P1120,2020/01/01,2022/01/01
117.211.214.201,Dhx1,Directed,edit,P1120,2020/01/01,2022/01/01
Dhx1,2003:C6:7F17:CF00:C97D:94DA:5C8C:7E7B,Directed,edit,P1120,2020/01/01,2022/01/01
2003:C6:7F17:CF00:C97D:94DA:5C8C:7E7B,Epìdosis,Directed,edit,P1120,2020/01/01,2022/01/01
Epìdosis,Julián L. Páez,Directed,edit,P1120,2020/01/01,2022/01/01
Julián L. Páez,Dhx1,Directed,edit,P1120,2020/01/01,2022/01/01
Dhx1,Athozus,Directed,edit,P1120,2020/01/01,2022/01/01
Athozus,Dhx1,Directed,edit,P1120,2020/01/01,2022/01/01
Dhx1,وسام,Directed,edit,P1120,2020/01/01,2022/01/01
وسام,Dhx1,Directed,edit,P1120,2020/01/01,2022/01/01
Dhx1,Premeditated,Directed,edit,P1120,2020/01/01,2022/01/01
Premeditated,Dhx1,Directed,edit,P1120,2020/01/01,2022/01/01
Dhx1,Pietadè,Directed,edit,P1120,2020/01/01,2022/01/01
Pietadè,Dhx1,Directed,edit,P1120,2020/01/01,2022/01/01
Dhx1,Sun8908,Directed,edit,P1120,2020/01/01,2022/01/01
Sun8908,105.107.214.147,Directed,edit,P1120,2020/01/01,2022/01/01
105.107.214.147,Sun8908,Directed,edit,P1120,2020/01/01,2022/01/01
Sun8908,MatSuBot,Directed,edit,P1120,2020/01/01,2022/01/01
MatSuBot,Sun8908,Directed,edit,P1120,2020/01/01,2022/01/01
Sun8908,KrBot,Directed,edit,P1120,2020/01/01,2022/01/01
KrBot,Sun8908,Directed,edit,P1120,2020/01/01,2022/01/01
Sun8908,KrBot,Directed,edit,P1120,2020/01/01,2022/01/01
KrBot,Sun8908,Directed,edit,P1120,2020/01/01,2022/01/01
Sun8908,KrBot,Directed,edit,P1120,2020/01/01,2022/01/01
KrBot,Sun8908,Directed,edit,P1120,2020/01/01,2022/01/01
Sun8908,KrBot,Directed,edit,P1120,2020/01/01,2022/01/01
KrBot,Sun8908,Directed,edit,P1120,2020/01/01,2022/01/01
Sun8908,KrBot,Directed,edit,P1120,2020/01/01,2022/01/01
KrBot,Sun8908,Directed,edit,P1120,2020/01/01,2022/01/01
Sun8908,47.232.133.199,Directed,edit,P1120,2020/01/01,2022/01/01
47.232.133.199,-sasha-,Directed,edit,P1120,2020/01/01,2022/01/01
-sasha-,Davidpar,Directed,edit,P1120,2020/01/01,2022/01/01
Davidpar,Sun8908,Directed,edit,P1120,2020/01/01,2022/01/01
Sun8908,Llywelyn2000,Directed,edit,P1120,2020/01/01,2022/01/01
Llywelyn2000,DeltaBot,Directed,edit,P1120,2020/01/01,2022/01/01
DeltaBot,Dhx1,Directed,edit,P1120,2020/01/01,2022/01/01
Dhx1,4ing,Directed,edit,P1120,2020/01/01,2022/01/01
4ing,Dhx1,Directed,edit,P1120,2020/01/01,2022/01/01
Dhx1,Julián L. Páez,Directed,edit,P1120,2020/01/01,2022/01/01
Julián L. Páez,Bassel Elgohary,Directed,edit,P1120,2020/01/01,2022/01/01
Bassel Elgohary,Dhx1,Directed,edit,P1120,2020/01/01,2022/01/01
Dhx1,Bassel Elgohary,Directed,edit,P1120,2020/01/01,2022/01/01
Bassel Elgohary,Les Meloures,Directed,edit,P1120,2020/01/01,2022/01/01
Les Meloures,Shiro D. Neko,Directed,edit,P1120,2020/01/01,2022/01/01
Shiro D. Neko,Asav,Directed,edit,P1120,2020/01/01,2022/01/01
Asav,99of9,Directed,edit,P1120,2022/01/01,2024/01/01
99of9,Tholme,Directed,edit,P1120,2022/01/01,2024/01/01
Tholme,GZWDer,Directed,delete,P1120,2024/01/01,2025/06/29
Zhenqinli,Frettie,Directed,edit,P828,2020/01/01,2022/01/01
Frettie,Eltetelar12,Directed,edit,P828,2020/01/01,2022/01/01
Eltetelar12,Sun8908,Directed,edit,P828,2020/01/01,2022/01/01
舞月書生,HapHaxion,Directed,delete,P131,2020/01/01,2022/01/01
Bouzinac,Arbnos,Directed,create,P276,2020/01/01,2022/01/01
Arbnos,HapHaxion,Directed,delete,P276,2020/01/01,2022/01/01
HapHaxion,Arbnos,Directed,create,P276,2020/01/01,2022/01/01
Arbnos,Succu,Directed,delete,P276,2020/01/01,2022/01/01
Succu,Arbnos,Directed,create,P276,2020/01/01,2022/01/01
Arbnos,Trade,Directed,edit,P276,2020/01/01,2022/01/01
Trade,BohemianRhapsody,Directed,delete,P276,2020/01/01,2022/01/01
BohemianRhapsody,Tmv,Directed,create,P276,2020/01/01,2022/01/01
Tmv,2003:C6:7F17:CF00:C97D:94DA:5C8C:7E7B,Directed,edit,P276,2020/01/01,2022/01/01
2003:C6:7F17:CF00:C97D:94DA:5C8C:7E7B,Epìdosis,Directed,edit,P276,2020/01/01,2022/01/01
Bouzinac,Supaplex,Directed,edit,P1427,2020/01/01,2022/01/01
Supaplex,Dhx1,Directed,edit,P1427,2020/01/01,2022/01/01
Dhx1,Sun8908,Directed,edit,P1427,2020/01/01,2022/01/01
Efly,Neo-Jay,Directed,edit,P373,2020/01/01,2022/01/01
Neo-Jay,Newone,Directed,edit,P373,2020/01/01,2022/01/01
Newone,Frodar,Directed,edit,P373,2020/01/01,2022/01/01
Frodar,Neo-Jay,Directed,edit,P373,2020/01/01,2022/01/01
Osteologia,LLs,Directed,edit,P18,2020/01/01,2022/01/01
LLs,Cbliu,Directed,delete,P18,2020/01/01,2022/01/01
Cbliu,Arbnos,Directed,create,P18,2020/01/01,2022/01/01
Arbnos,D2513850,Directed,edit,P18,2020/01/01,2022/01/01
D2513850,Nvrandow,Directed,delete,P18,2020/01/01,2022/01/01
Nvrandow,Jeblad,Directed,create,P18,2020/01/01,2022/01/01
Jeblad,唐吉訶德的侍從,Directed,delete,P18,2020/01/01,2022/01/01
唐吉訶德的侍從,Kaliforniyka,Directed,edit,P18,2020/01/01,2022/01/01
Kaliforniyka,Triggerhippie4,Directed,delete,P18,2020/01/01,2022/01/01
Triggerhippie4,92.169.205.34,Directed,edit,P18,2020/01/01,2022/01/01
92.169.205.34,Desoda,Directed,edit,P18,2020/01/01,2022/01/01
Desoda,LLs,Directed,edit,P18,2020/01/01,2022/01/01
LLs,WTM,Directed,edit,P18,2020/01/01,2022/01/01
WTM,Infovarius,Directed,edit,P18,2020/01/01,2022/01/01
Infovarius,Sdkb,Directed,edit,P18,2020/01/01,2022/01/01
Sdkb,ŠJů,Directed,edit,P18,2020/01/01,2022/01/01
ŠJů,Wolverène,Directed,edit,P18,2020/01/01,2022/01/01
Wolverène,ŠJů,Directed,edit,P18,2020/01/01,2022/01/01
ŠJů,104.7.153.230,Directed,edit,P18,2020/01/01,2022/01/01
104.7.153.230,DanielAlba15,Directed,edit,P18,2020/01/01,2022/01/01
DanielAlba15,KrBot,Directed,edit,P18,2020/01/01,2022/01/01
KrBot,80.63.56.230,Directed,delete,P18,2020/01/01,2022/01/01
80.63.56.230,Sdkb,Directed,create,P18,2020/01/01,2022/01/01
Sdkb,Desoda,Directed,edit,P18,2020/01/01,2022/01/01
Desoda,4ing,Directed,edit,P18,2020/01/01,2022/01/01
4ing,Casanova50,Directed,edit,P18,2020/01/01,2022/01/01
Casanova50,Adam Harangozó,Directed,edit,P18,2022/01/01,2024/01/01
Adam Harangozó,Christmas Wreath,Directed,edit,P18,2022/01/01,2024/01/01
Cbliu,LLs,Directed,edit,P242,2020/01/01,2022/01/01
LLs,Xabi22,Directed,edit,P242,2020/01/01,2022/01/01
Xabi22,195.58.13.217,Directed,edit,P242,2020/01/01,2022/01/01
195.58.13.217,Triggerhippie4,Directed,create,P242,2020/01/01,2022/01/01
Neo-Jay,Zzme123,Directed,edit,P2184,2020/01/01,2022/01/01
Шкурба Андрій Вікторович,Dhx1,Directed,edit,P780,2020/01/01,2022/01/01
Neo-Jay,Frettie,Directed,edit,P1542,2020/01/01,2022/01/01
Frettie,Dhx1,Directed,edit,P1542,2020/01/01,2022/01/01
Dhx1,Frettie,Directed,create,P1542,2020/01/01,2022/01/01
Frettie,ZZARZY223,Directed,delete,P1542,2020/01/01,2022/01/01
ZZARZY223,Frettie,Directed,edit,P1542,2020/01/01,2022/01/01
Frettie,Triggerhippie4,Directed,edit,P1542,2020/01/01,2022/01/01
Triggerhippie4,Dhx1,Directed,edit,P1542,2020/01/01,2022/01/01
Dhx1,Zhenqinli,Directed,edit,P1542,2020/01/01,2022/01/01
Zhenqinli,Dhx1,Directed,edit,P1542,2020/01/01,2022/01/01
Dhx1,BohemianRhapsody,Directed,edit,P1542,2020/01/01,2022/01/01
BohemianRhapsody,ŠJů,Directed,edit,P1542,2020/01/01,2022/01/01
ŠJů,Zhenqinli,Directed,edit,P1542,2020/01/01,2022/01/01
Zhenqinli,So9q,Directed,edit,P1542,2020/01/01,2022/01/01
So9q,Zhenqinli,Directed,edit,P1542,2020/01/01,2022/01/01
Zhenqinli,Davidpar,Directed,edit,P1542,2020/01/01,2022/01/01
Davidpar,KrBot,Directed,edit,P1542,2020/01/01,2022/01/01
KrBot,Zhenqinli,Directed,edit,P1542,2020/01/01,2022/01/01
Zhenqinli,KrBot,Directed,edit,P1542,2020/01/01,2022/01/01
KrBot,Zhenqinli,Directed,edit,P1542,2020/01/01,2022/01/01
Zhenqinli,24.47.198.150,Directed,edit,P1542,2020/01/01,2022/01/01
24.47.198.150,Zhenqinli,Directed,edit,P1542,2020/01/01,2022/01/01
Zhenqinli,Davidpar,Directed,edit,P1542,2020/01/01,2022/01/01
Davidpar,KrBot,Directed,edit,P1542,2020/01/01,2022/01/01
KrBot,Matlin,Directed,edit,P1542,2022/01/01,2024/01/01
Matlin,KrBot,Directed,edit,P1542,2022/01/01,2024/01/01
KrBot,Swpb,Directed,edit,P1542,2024/01/01,2025/06/29
Neo-Jay,Pi bot,Directed,delete,P3722,2020/01/01,2022/01/01
舞月書生,Allenwang6212a,Directed,delete,P1424,2020/01/01,2022/01/01
Allenwang6212a,DeltaBot,Directed,create,P1424,2020/01/01,2022/01/01
Jeblad,151.53.152.90,Directed,edit,P1603,2020/01/01,2022/01/01
151.53.152.90,Succu,Directed,edit,P1603,2020/01/01,2022/01/01
Succu,Nvrandow,Directed,edit,P1603,2020/01/01,2022/01/01
Nvrandow,Bouzinac,Directed,edit,P1603,2020/01/01,2022/01/01
Bouzinac,Jeblad,Directed,edit,P1603,2020/01/01,2022/01/01
Jeblad,Dhx1,Directed,edit,P1603,2020/01/01,2022/01/01
Dhx1,Jeblad,Directed,edit,P1603,2020/01/01,2022/01/01
Jeblad,Dhx1,Directed,edit,P1603,2020/01/01,2022/01/01
Dhx1,Jeblad,Directed,edit,P1603,2020/01/01,2022/01/01
Jeblad,Dhx1,Directed,edit,P1603,2020/01/01,2022/01/01
Dhx1,Jeblad,Directed,edit,P1603,2020/01/01,2022/01/01
Jeblad,Dhx1,Directed,edit,P1603,2020/01/01,2022/01/01
Dhx1,151.9.5.215,Directed,edit,P1603,2020/01/01,2022/01/01
151.9.5.215,Dhx1,Directed,edit,P1603,2020/01/01,2022/01/01
Dhx1,194.116.26.4,Directed,edit,P1603,2020/01/01,2022/01/01
194.116.26.4,Cbliu,Directed,edit,P1603,2020/01/01,2022/01/01
Cbliu,240E:390:5611:11B0:848B:36AB:3DB9:C0C8,Directed,edit,P1603,2020/01/01,2022/01/01
240E:390:5611:11B0:848B:36AB:3DB9:C0C8,טבעת-זרם,Directed,edit,P1603,2020/01/01,2022/01/01
טבעת-זרם,Dhx1,Directed,edit,P1603,2020/01/01,2022/01/01
Dhx1,87.0.167.130,Directed,edit,P1603,2020/01/01,2022/01/01
87.0.167.130,Eulenspiegel1,Directed,edit,P1603,2020/01/01,2022/01/01
Eulenspiegel1,Mohanad,Directed,edit,P1603,2020/01/01,2022/01/01
Mohanad,Dhx1,Directed,edit,P1603,2020/01/01,2022/01/01
Dhx1,83.54.26.61,Directed,edit,P1603,2020/01/01,2022/01/01
83.54.26.61,Mohanad,Directed,edit,P1603,2020/01/01,2022/01/01
Mohanad,Dhx1,Directed,edit,P1603,2020/01/01,2022/01/01
Dhx1,Mohanad,Directed,edit,P1603,2020/01/01,2022/01/01
Mohanad,Dhx1,Directed,edit,P1603,2020/01/01,2022/01/01
Dhx1,Mohanad,Directed,edit,P1603,2020/01/01,2022/01/01
Mohanad,Dhx1,Directed,edit,P1603,2020/01/01,2022/01/01
Dhx1,Mohanad,Directed,edit,P1603,2020/01/01,2022/01/01
Mohanad,Dhx1,Directed,edit,P1603,2020/01/01,2022/01/01
Dhx1,95.237.33.83,Directed,edit,P1603,2020/01/01,2022/01/01
95.237.33.83,Dhx1,Directed,edit,P1603,2020/01/01,2022/01/01
Dhx1,2003:E8:BF24:2A5A:EDC1:C1F:699:C165,Directed,edit,P1603,2020/01/01,2022/01/01
2003:E8:BF24:2A5A:EDC1:C1F:699:C165,Mohanad,Directed,edit,P1603,2020/01/01,2022/01/01
Mohanad,Dhx1,Directed,edit,P1603,2020/01/01,2022/01/01
Dhx1,116.48.25.163,Directed,edit,P1603,2020/01/01,2022/01/01
116.48.25.163,Dhx1,Directed,edit,P1603,2020/01/01,2022/01/01
Dhx1,Mohanad,Directed,edit,P1603,2020/01/01,2022/01/01
Mohanad,Dhx1,Directed,edit,P1603,2020/01/01,2022/01/01
Dhx1,94.190.201.202,Directed,edit,P1603,2020/01/01,2022/01/01
94.190.201.202,KonstantinaG07,Directed,edit,P1603,2020/01/01,2022/01/01
KonstantinaG07,Dhx1,Directed,edit,P1603,2020/01/01,2022/01/01
Dhx1,Davidpar,Directed,edit,P1603,2020/01/01,2022/01/01
Davidpar,Dhx1,Directed,edit,P1603,2020/01/01,2022/01/01
Dhx1,Mohanad,Directed,edit,P1603,2020/01/01,2022/01/01
Mohanad,Dhx1,Directed,edit,P1603,2020/01/01,2022/01/01
Dhx1,Lofhi,Directed,edit,P1603,2020/01/01,2022/01/01
Lofhi,Dhx1,Directed,edit,P1603,2020/01/01,2022/01/01
Dhx1,Lofhi,Directed,edit,P1603,2020/01/01,2022/01/01
Lofhi,Dhx1,Directed,edit,P1603,2020/01/01,2022/01/01
Dhx1,TiagoLubiana,Directed,edit,P1603,2020/01/01,2022/01/01
TiagoLubiana,Dhx1,Directed,edit,P1603,2020/01/01,2022/01/01
Dhx1,So9q,Directed,edit,P1603,2020/01/01,2022/01/01
So9q,Dhx1,Directed,edit,P1603,2020/01/01,2022/01/01
Dhx1,81.35.48.190,Directed,edit,P1603,2020/01/01,2022/01/01
81.35.48.190,Dhx1,Directed,edit,P1603,2020/01/01,2022/01/01
Dhx1,Sun8908,Directed,edit,P1603,2020/01/01,2022/01/01
Sun8908,105.107.214.147,Directed,edit,P1603,2020/01/01,2022/01/01
105.107.214.147,Sun8908,Directed,edit,P1603,2020/01/01,2022/01/01
Sun8908,MatSuBot,Directed,edit,P1603,2020/01/01,2022/01/01
MatSuBot,Sun8908,Directed,edit,P1603,2020/01/01,2022/01/01
Sun8908,KrBot,Directed,edit,P1603,2020/01/01,2022/01/01
KrBot,Sun8908,Directed,edit,P1603,2020/01/01,2022/01/01
Sun8908,Les Meloures,Directed,edit,P1603,2020/01/01,2022/01/01
Les Meloures,KrBot,Directed,edit,P1603,2020/01/01,2022/01/01
KrBot,Sun8908,Directed,edit,P1603,2020/01/01,2022/01/01
Sun8908,KrBot,Directed,edit,P1603,2020/01/01,2022/01/01
KrBot,Sun8908,Directed,edit,P1603,2020/01/01,2022/01/01
Sun8908,KrBot,Directed,edit,P1603,2020/01/01,2022/01/01
KrBot,Sun8908,Directed,edit,P1603,2020/01/01,2022/01/01
Sun8908,KrBot,Directed,edit,P1603,2020/01/01,2022/01/01
KrBot,Sun8908,Directed,edit,P1603,2020/01/01,2022/01/01
Sun8908,103.220.77.24,Directed,edit,P1603,2020/01/01,2022/01/01
103.220.77.24,DanielAlba15,Directed,edit,P1603,2020/01/01,2022/01/01
DanielAlba15,Sun8908,Directed,edit,P1603,2020/01/01,2022/01/01
Sun8908,Jordirooca,Directed,edit,P1603,2020/01/01,2022/01/01
Jordirooca,Dhx1,Directed,edit,P1603,2020/01/01,2022/01/01
Dhx1,Julián L. Páez,Directed,edit,P1603,2020/01/01,2022/01/01
Julián L. Páez,Dhx1,Directed,edit,P1603,2020/01/01,2022/01/01
Dhx1,Les Meloures,Directed,edit,P1603,2020/01/01,2022/01/01
Les Meloures,Dhx1,Directed,edit,P1603,2020/01/01,2022/01/01
Dhx1,Julián L. Páez,Directed,edit,P1603,2020/01/01,2022/01/01
Julián L. Páez,Bassel Elgohary,Directed,edit,P1603,2020/01/01,2022/01/01
Bassel Elgohary,Dhx1,Directed,edit,P1603,2020/01/01,2022/01/01
Dhx1,Bassel Elgohary,Directed,edit,P1603,2020/01/01,2022/01/01
Bassel Elgohary,Les Meloures,Directed,edit,P1603,2020/01/01,2022/01/01
Les Meloures,108.56.130.85,Directed,edit,P1603,2020/01/01,2022/01/01
108.56.130.85,Shiro D. Neko,Directed,edit,P1603,2020/01/01,2022/01/01
Shiro D. Neko,Epìdosis,Directed,edit,P1603,2020/01/01,2022/01/01
Epìdosis,Asav,Directed,edit,P1603,2020/01/01,2022/01/01
Asav,99of9,Directed,edit,P1603,2022/01/01,2024/01/01
99of9,GZWDer,Directed,delete,P1603,2024/01/01,2025/06/29
Dhx1,Jeblad,Directed,delete,P973,2020/01/01,2022/01/01
Jeblad,Salgo60,Directed,edit,P973,2020/01/01,2022/01/01
Salgo60,Chchowmein,Directed,edit,P973,2020/01/01,2022/01/01
Chchowmein,Lofhi,Directed,edit,P973,2020/01/01,2022/01/01
Lofhi,Dhx1,Directed,edit,P973,2020/01/01,2022/01/01
Dhx1,Sun8908,Directed,edit,P973,2020/01/01,2022/01/01
Sun8908,49.182.23.133,Directed,edit,P973,2020/01/01,2022/01/01
49.182.23.133,Peaceray,Directed,edit,P973,2020/01/01,2022/01/01
Dhx1,2003:C6:7F17:CF00:C97D:94DA:5C8C:7E7B,Directed,edit,P495,2020/01/01,2022/01/01
2003:C6:7F17:CF00:C97D:94DA:5C8C:7E7B,Epìdosis,Directed,edit,P495,2020/01/01,2022/01/01
Epìdosis,Doostdar,Directed,delete,P495,2020/01/01,2022/01/01
Doostdar,Supaplex,Directed,create,P495,2020/01/01,2022/01/01
Arbnos,HapHaxion,Directed,delete,P585,2020/01/01,2022/01/01
HapHaxion,Triggerhippie4,Directed,create,P585,2020/01/01,2022/01/01
Triggerhippie4,Amadalvarez,Directed,edit,P585,2020/01/01,2022/01/01
Amadalvarez,2003:C6:7F17:CF00:C97D:94DA:5C8C:7E7B,Directed,edit,P585,2020/01/01,2022/01/01
2003:C6:7F17:CF00:C97D:94DA:5C8C:7E7B,Epìdosis,Directed,edit,P585,2020/01/01,2022/01/01
Epìdosis,Don-vip,Directed,delete,P585,2022/01/01,2024/01/01
Salgo60,Chchowmein,Directed,edit,P2572,2020/01/01,2022/01/01
Chchowmein,Sun8908,Directed,edit,P2572,2020/01/01,2022/01/01
Sun8908,Z7504,Directed,edit,P2572,2020/01/01,2022/01/01
Trade,2001:1970:55DA:3F00:B5EC:99F6:494A:2E8A,Directed,edit,P6760,2020/01/01,2022/01/01
2001:1970:55DA:3F00:B5EC:99F6:494A:2E8A,Epìdosis,Directed,edit,P6760,2020/01/01,2022/01/01
Neo-Jay,KrBot,Directed,edit,P2354,2020/01/01,2022/01/01
Dhx1,2003:C6:7F17:CF00:C97D:94DA:5C8C:7E7B,Directed,edit,P3984,2020/01/01,2022/01/01
2003:C6:7F17:CF00:C97D:94DA:5C8C:7E7B,Epìdosis,Directed,edit,P3984,2020/01/01,2022/01/01
Epìdosis,OsamaK,Directed,edit,P3984,2020/01/01,2022/01/01
OsamaK,Lockal,Directed,edit,P3984,2020/01/01,2022/01/01
Jeanjung212,Azertus,Directed,edit,P7301,2020/01/01,2022/01/01
Azertus,Trade,Directed,edit,P7301,2024/01/01,2025/06/29
Jeanjung212,Horcrux,Directed,edit,P2581,2024/01/01,2025/06/29
Jeanjung212,Ivan A. Krestinin,Directed,delete,P3479,2022/01/01,2024/01/01
Jeanjung212,Pyb en résidence,Directed,edit,P5551,2024/01/01,2025/06/29
Neo-Jay,Trade,Directed,edit,P527,2020/01/01,2022/01/01
Trade,Neo-Jay,Directed,edit,P527,2020/01/01,2022/01/01
Neo-Jay,Theklan,Directed,edit,P527,2020/01/01,2022/01/01
Theklan,Davidpar,Directed,edit,P527,2020/01/01,2022/01/01
Davidpar,Toghrul R,Directed,edit,P527,2020/01/01,2022/01/01
Toghrul R,Davidpar,Directed,edit,P527,2020/01/01,2022/01/01
Davidpar,Neo-Jay,Directed,edit,P527,2020/01/01,2022/01/01
Neo-Jay,Eulenspiegel1,Directed,edit,P527,2020/01/01,2022/01/01
Eulenspiegel1,Matlin,Directed,edit,P527,2022/01/01,2024/01/01
Neo-Jay,BohemianRhapsody,Directed,delete,P625,2020/01/01,2022/01/01
Triggerhippie4,Sdkb,Directed,edit,P1846,2020/01/01,2022/01/01
Sdkb,Naypta,Directed,edit,P1846,2020/01/01,2022/01/01
Naypta,Raphaël Dunant,Directed,edit,P1846,2020/01/01,2022/01/01
Raphaël Dunant,Naypta,Directed,edit,P1846,2020/01/01,2022/01/01
Naypta,Iwan.Aucamp,Directed,edit,P1846,2020/01/01,2022/01/01
Iwan.Aucamp,Davidpar,Directed,edit,P1846,2020/01/01,2022/01/01
Neo-Jay,Sdkb,Directed,delete,P1339,2020/01/01,2022/01/01
Premeditated,IngeniousBot,Directed,edit,P5082,2022/01/01,2024/01/01
Mikani,Codas,Directed,edit,P948,2024/01/01,2025/06/29
Neo-Jay,Yupik,Directed,delete,P6104,2020/01/01,2022/01/01
Spinster,Yupik,Directed,create,P5008,2020/01/01,2022/01/01
Yupik,Research Bot,Directed,edit,P5008,2022/01/01,2024/01/01
Research Bot,Theklan,Directed,edit,P5008,2022/01/01,2024/01/01
Theklan,Steenthbot,Directed,edit,P5008,2024/01/01,2025/06/29
ElmarG,Eulenspiegel1,Directed,delete,P460,2020/01/01,2022/01/01
Nintendofan885,Robins7,Directed,delete,P1151,2020/01/01,2022/01/01
Robins7,Alan ffm,Directed,create,P1151,2020/01/01,2022/01/01
Alan ffm,Christmas Wreath,Directed,delete,P1151,2022/01/01,2024/01/01
TiagoLubiana,So9q,Directed,edit,P8010,2020/01/01,2022/01/01
So9q,Jimmy Olano,Directed,edit,P8010,2020/01/01,2022/01/01
Jimmy Olano,105.159.2.2,Directed,edit,P8010,2020/01/01,2022/01/01
105.159.2.2,Saabzy,Directed,edit,P8010,2020/01/01,2022/01/01
Saabzy,Sun8908,Directed,edit,P8010,2020/01/01,2022/01/01
Sun8908,Premeditated,Directed,edit,P8010,2020/01/01,2022/01/01
Premeditated,2600:8807:9200:E9:DBF:763A:FBE0:6420,Directed,edit,P8010,2020/01/01,2022/01/01
2600:8807:9200:E9:DBF:763A:FBE0:6420,Epìdosis,Directed,edit,P8010,2020/01/01,2022/01/01
Epìdosis,105.107.214.147,Directed,edit,P8010,2020/01/01,2022/01/01
105.107.214.147,Sun8908,Directed,edit,P8010,2020/01/01,2022/01/01
Sun8908,Bassel Elgohary,Directed,edit,P8010,2020/01/01,2022/01/01
Bassel Elgohary,Julián L. Páez,Directed,edit,P8010,2020/01/01,2022/01/01
Julián L. Páez,Bassel Elgohary,Directed,edit,P8010,2020/01/01,2022/01/01
Bassel Elgohary,Shiro D. Neko,Directed,edit,P8010,2020/01/01,2022/01/01
Shiro D. Neko,Z7504,Directed,edit,P8010,2020/01/01,2022/01/01
Pacostein,Wd-Ryan,Directed,edit,P7775,2020/01/01,2022/01/01
Wd-Ryan,Hanif Al Husaini,Directed,edit,P7775,2020/01/01,2022/01/01
Hanif Al Husaini,Susmuffin,Directed,edit,P7775,2022/01/01,2024/01/01
Susmuffin,1857a,Directed,edit,P7775,2024/01/01,2025/06/29
Pacostein,37.124.135.233,Directed,edit,P6839,2020/01/01,2022/01/01
37.124.135.233,FallingGravity,Directed,edit,P6839,2022/01/01,2024/01/01
FallingGravity,Lemondoge,Directed,edit,P6839,2024/01/01,2025/06/29
NMaia,Sun8908,Directed,edit,P1282,2020/01/01,2022/01/01
Sun8908,Reinheitsgebot,Directed,edit,P1282,2022/01/01,2024/01/01
112.79.112.86,Pacostein,Directed,delete,P7829,2020/01/01,2022/01/01
Leonprimer,Horcrux,Directed,edit,P1417,2024/01/01,2025/06/29
Pacostein,Ameisenigel,Directed,delete,P7827,2024/01/01,2025/06/29
Angelillo28,Julián L. Páez,Directed,delete,P582,2020/01/01,2022/01/01
Julián L. Páez,Angelillo2026,Directed,create,P582,2020/01/01,2022/01/01
Angelillo2026,Epìdosis,Directed,delete,P582,2020/01/01,2022/01/01
J 1982,Horcrux,Directed,delete,P4073,2024/01/01,2025/06/29
Baidax,Eihel,Directed,delete,P9346,2020/01/01,2022/01/01
Eihel,Pyb en résidence,Directed,edit,P9346,2024/01/01,2025/06/29
Egon Willighagen,Horcrux,Directed,edit,P10283,2024/01/01,2025/06/29
C7002593,KrBot,Directed,edit,P244,2022/01/01,2024/01/01
KrBot,Kolja21,Directed,edit,P244,2022/01/01,2024/01/01
Wurgl,Kolja21,Directed,edit,P227,2022/01/01,2024/01/01
Zhenqinli,Swpb,Directed,edit,P11738,2024/01/01,2025/06/29
Mr. Ibrahem,Mr.Ibrahembot,Directed,edit,P11143,2024/01/01,2025/06/29
Mr.Ibrahembot,KrBot,Directed,edit,P11143,2024/01/01,2025/06/29
Reinheitsgebot,Epìdosis,Directed,delete,P4656,2024/01/01,2025/06/29
